Player,Team,GP,MIN per game,FG% on Drives,Total Drives,Total Player Pts on Drives,Drives Per Game,Player PPG on Drives,Team PPG on Drives,PTS Per 48 Min on Drives
James Harden,HOU,80,36.8,48.5,853,636,10.7,8,14.3,10.4
Damian Lillard,POR,82,35.7,51.7,781,553,9.5,6.7,12,9.1
Tyreke Evans,NOP,79,34.1,44,940,539,11.9,6.8,12.8,9.6
Kyrie Irving,CLE,74,36.3,48.6,694,521,9.4,7,11.7,9.3
LeBron James,CLE,68,36.1,55.1,665,517,9.8,7.6,11.8,10.1
Russell Westbrook,OKC,67,34.3,43.4,680,497,10.1,7.4,11.8,10.4
Jeff Teague,ATL,73,30.3,46,804,487,11,6.7,12.1,10.6
Monta Ellis,DAL,80,33.7,49,666,459,8.3,5.7,9.7,8.2
Michael Carter-Williams,TOTAL,66,32.5,44.1,764,455,11.6,6.9,12,10.2
Reggie Jackson,TOTAL,77,29.5,49.9,676,438,8.8,5.7,10.5,9.3
Victor Oladipo,ORL,72,35.7,41.8,664,426,9.2,5.9,10.6,8
Eric Bledsoe,PHX,81,34.6,47.7,756,423,9.3,5.2,10.7,7.2
Gordon Hayward,UTA,76,34.4,43.3,542,392,7.1,5.2,8.6,7.2
Tony Parker,SAS,68,28.7,56,658,391,9.7,5.8,11,9.6
Elfrid Payton,ORL,82,30.3,43.4,772,390,9.4,4.8,10.7,7.5
Dennis Schroder,ATL,77,19.8,47.1,607,385,7.9,5,8.3,12.2
Ty Lawson,DEN,75,35.6,46.8,892,370,11.9,4.9,13.9,6.7
Aaron Brooks,CHI,82,22.9,46.8,598,357,7.3,4.4,8.2,9.1
Stephen Curry,GSW,79,32.7,53.4,454,349,5.7,4.4,7.6,6.5
Kemba Walker,CHA,62,34.2,41.6,559,344,9,5.5,10,7.8
Mike Conley,MEM,70,31.8,46.9,483,335,6.9,4.8,8,7.2
Goran Dragic,TOTAL,78,33.9,54.7,639,332,8.2,4.3,9.9,6
Kyle Lowry,TOR,70,34.5,48.4,521,330,7.4,4.7,9.3,6.6
John Wall,WAS,79,35.9,49.1,567,329,7.2,4.2,8.6,5.6
Dwyane Wade,MIA,61,31.8,55.4,460,325,7.5,5.3,9.3,8
Isaiah Thomas,TOTAL,67,25.8,44.9,470,311,7,4.6,8.2,8.6
Derrick Rose,CHI,51,30,52.7,366,306,7.2,6,9,9.6
Jarrett Jack,BKN,80,28.1,52.9,449,302,5.6,3.8,6.5,6.5
Giannis Antetokounmpo,MIL,80,31.3,46.7,446,301,5.6,3.8,6.4,5.8
Rudy Gay,SAC,68,35.4,40.5,376,300,5.5,4.4,6.9,6
DeMar DeRozan,TOR,60,35,44.7,475,292,7.9,4.9,9.4,6.7
Mario Chalmers,MIA,79,29.7,43.2,592,282,7.5,3.6,8.1,5.8
Jeremy Lin,LAL,74,25.8,46,484,282,6.5,3.8,8,7.1
Klay Thompson,GSW,76,32,48.3,363,281,4.8,3.7,5.8,5.6
Michael Carter-Williams,PHI,41,33.9,44.4,496,280,12.1,6.8,11.7,9.7
Chandler Parsons,DAL,66,33.1,47,385,275,5.8,4.2,7,6
Dion Waiters,TOTAL,79,27.5,41,487,275,6.2,3.5,6.5,6.1
Joe Johnson,BKN,80,35,50.7,345,265,4.3,3.3,5.2,4.5
Deron Williams,BKN,68,31.1,41,493,263,7.2,3.9,8.3,6
D.J. Augustin,TOTAL,82,23.9,41.5,530,253,6.5,3.1,7.2,6.2
Jeff Green,TOTAL,78,31.4,44,276,247,3.5,3.2,4.4,4.8
Tony Wroten,PHI,30,29.8,44.8,313,244,10.4,8.1,11.2,13.1
DeMarcus Cousins,SAC,59,33.9,51.7,286,243,4.8,4.1,5.9,5.8
Jose Juan Barea,DAL,77,17.7,46.6,372,242,4.8,3.1,5.9,8.5
Manu Ginobili,SAS,70,22.7,52.6,374,241,5.3,3.4,6.1,7.3
James Johnson,TOR,70,19.6,63.7,278,241,4,3.4,5.1,8.4
Reggie Jackson,OKC,50,28,53,324,241,6.5,4.8,7.7,8.3
Chris Paul,LAC,82,34.9,49.5,442,235,5.4,2.9,6.5,3.9
Wilson Chandler,DEN,78,31.7,43.8,346,232,4.4,3,4.8,4.5
Jimmy Butler,CHI,65,38.7,39.6,333,230,5.1,3.5,6.3,4.4
Player,Team,GP,MIN per game,FG% on Drives,Total Drives,Total Player,Drives Per Game,Player PPG,Team PPG,PTS Per 48 Min
,,,,,,PTS on Drives,,on Drives,on Drives,on Drives
Austin Rivers,TOTAL,76,20.6,45.9,305,225,4,3,4.3,6.9
Evan Turner,BOS,82,27.5,47.2,376,225,4.6,2.7,5,4.8
Gerald Henderson,CHA,80,29,48.4,287,224,3.6,2.8,3.9,4.6
Rajon Rondo,TOTAL,68,29.7,49.1,507,218,7.5,3.2,7.6,5.2
Jrue Holiday,NOP,40,32.6,52.2,335,216,8.4,5.4,10.8,7.9
Rodney Stuckey,IND,71,26.4,41.7,279,214,3.9,3,5,5.5
Paul Millsap,ATL,73,32.6,47.9,359,213,4.9,2.9,5.8,4.3
Brandon Knight,TOTAL,62,32.3,42,436,210,7,3.4,7.4,5
D.J. Augustin,DET,54,23.9,43.8,384,207,7.1,3.8,8.1,7.7
Cory Joseph,SAS,79,18.3,50.3,325,207,4.1,2.6,5,6.9
Andrew Wiggins,MIN,81,36.2,41.7,298,207,3.7,2.6,3.8,3.4
Ish Smith,TOTAL,55,15.1,43.9,403,206,7.3,3.7,7.9,11.9
Jordan Clarkson,LAL,59,25.1,43.6,286,203,4.8,3.4,6.2,6.6
Tobias Harris,ORL,68,34.8,43.7,264,203,3.9,3,3.8,4.1
Greivis Vasquez,TOR,82,24.3,43.8,329,203,4,2.5,4.4,4.9
Lou Williams,TOR,80,25.2,45.1,331,201,4.1,2.5,5.2,4.8
Josh Smith,TOTAL,83,27.7,42.1,373,200,4.5,2.4,4.8,4.2
Trey Burke,UTA,76,30.1,33.9,509,199,6.7,2.6,7.2,4.2
Reggie Jackson,DET,27,32.3,46.4,352,197,13,7.3,15.6,10.9
Zach LaVine,MIN,76,24.6,40.3,292,195,3.8,2.6,4.2,5
Solomon Hill,IND,82,29,39.5,302,193,3.7,2.4,3.9,3.9
Isaiah Thomas,PHX,46,25.7,43.5,286,193,6.2,4.2,7.4,7.8
Evan Fournier,ORL,58,28.7,45.7,320,191,5.5,3.3,5.9,5.5
Eric Gordon,NOP,61,33.1,39.9,313,190,5.1,3.1,5.6,4.5
Kawhi Leonard,SAS,64,31.8,46,303,190,4.7,3,5.9,4.5
Brandon Knight,MIL,51,32.4,43.2,384,189,7.5,3.7,8.1,5.5
Goran Dragic,PHX,52,33.4,53,379,188,7.3,3.6,8.8,5.2
Devin Harris,DAL,76,22.1,47.8,298,185,3.9,2.4,5,5.3
Ish Smith,PHI,25,27.1,44.4,338,181,13.5,7.2,14.2,12.8
Lance Stephenson,CHA,61,25.8,46.2,284,181,4.7,3,5.2,5.5
Robert Covington,PHI,69,27.9,37.8,285,177,4.1,2.6,4.7,4.4
Michael Carter-Williams,MIL,25,30.3,43.6,268,175,10.7,7,12.6,11.1
Brandon Jennings,DET,41,28.6,44.6,307,175,7.5,4.3,8.1,7.2
George Hill,IND,43,29.4,53.1,247,172,5.7,4,7.1,6.5
Dion Waiters,OKC,47,30.2,37.5,318,167,6.8,3.6,6.7,5.7
Jamal Crawford,LAC,64,26.7,44.2,168,163,2.6,2.5,3.5,4.6
Omri Casspi,SAC,67,21.1,41.2,234,162,3.5,2.4,3.7,5.5
Thaddeus Young,TOTAL,75,32.1,42.9,221,162,2.9,2.2,3.3,3.2
Rajon Rondo,DAL,46,28.7,49.7,361,155,7.8,3.4,8.3,5.6
Donald Sloan,IND,53,20.8,50.8,269,154,5.1,2.9,5.4,6.7
Ramon Sessions,TOTAL,64,18.5,37.3,254,151,4,2.4,3.8,6.1
JaKarr Sampson,PHI,73,15.2,47.5,245,148,3.4,2,3.2,6.4
Boris Diaw,SAS,81,24.5,48,225,145,2.8,1.8,3.1,3.5
Goran Dragic,MIA,26,34.9,57.1,260,144,10,5.5,12.3,7.6
Jerryd Bayless,MIL,76,22.2,41.1,353,140,4.6,1.8,5,4
Luol Deng,MIA,71,33.6,48.9,197,140,2.8,2,3.1,2.8
Kobe Bryant,LAL,35,34.6,41.4,205,138,5.9,3.9,6.8,5.5
Corey Brewer,TOTAL,79,26.2,34.8,236,138,3,1.7,3.1,3.2
Alexey Shved,TOTAL,42,18.3,42.7,198,138,4.7,3.3,5.3,8.6
Bradley Beal,WAS,63,33.4,42.6,225,136,3.6,2.2,4,3.1
Player,Team,GP,MIN per game,FG% on Drives,Total Drives,Total Player,Drives Per Game,Player PPG,Team PPG,PTS Per 48 Min
,,,,,,PTS on Drives,,on Drives,on Drives,on Drives
O.J. Mayo,MIL,70,23.8,48.6,209,135,3,1.9,3.6,3.9
KJ McDaniels,TOTAL,61,21.9,38.7,216,135,3.5,2.2,3.6,4.8
Kentavious Caldwell-Pope,DET,82,31.6,39.8,181,134,2.2,1.6,2.4,2.5
Trevor Ariza,HOU,81,35.8,42.3,254,132,3.1,1.6,3.4,2.2
Darren Collison,SAC,45,34.8,49.5,184,132,4.1,2.9,4.9,4
Andre Miller,TOTAL,81,15.5,50.5,235,131,2.9,1.6,3.1,5
Blake Griffin,LAC,67,35.2,51.3,146,130,2.2,1.9,2.8,2.6
Shane Larkin,NYK,75,24.7,43,294,130,3.9,1.7,3.9,3.4
KJ McDaniels,PHI,51,25.6,38.7,206,130,4,2.5,4.1,4.8
Alan Anderson,BKN,74,23.6,55.9,183,128,2.5,1.7,2.7,3.5
DeMarre Carroll,ATL,70,31.1,49.4,174,127,2.5,1.8,3.1,2.8
Norris Cole,TOTAL,74,24.3,42.1,323,127,4.4,1.7,4.6,3.4
Jeff Green,MEM,45,30.1,40.7,151,124,3.4,2.8,4,4.4
Michael Kidd-Gilchrist,CHA,55,28.9,39.6,170,124,3.1,2.3,3.1,3.7
Jeff Green,BOS,33,33.1,48.2,125,123,3.8,3.7,4.9,5.4
Ben McLemore,SAC,82,32.5,39.8,195,122,2.4,1.5,2.6,2.2
Patrick Beverley,HOU,56,30.9,43.4,282,121,5,2.2,4.9,3.4
Khris Middleton,MIL,78,30,45.5,208,121,2.7,1.6,3,2.5
Ray McCallum,SAC,68,21,47.2,231,121,3.4,1.8,4,4.1
Austin Rivers,NOP,35,22.1,46.5,158,120,4.5,3.4,5.1,7.4
Harrison Barnes,GSW,81,28.4,46.8,136,118,1.7,1.5,2,2.5
Danilo Gallinari,DEN,59,24.2,48.1,148,118,2.5,2,3.1,4
Jameer Nelson,TOTAL,63,22.3,50.5,333,118,5.3,1.9,5.4,4
Isaiah Thomas,BOS,21,26,47,184,118,8.8,5.6,10.1,10.4
Kevin Durant,OKC,27,33.9,54.8,115,117,4.3,4.3,5.6,6.1
Tim Hardaway Jr.,NYK,69,24,39.1,165,116,2.4,1.7,2.6,3.4
Thaddeus Young,MIN,47,33.6,43,151,116,3.2,2.5,3.6,3.5
CJ McCollum,POR,62,15.7,51.1,181,115,2.9,1.9,3.3,5.7
Hollis Thompson,PHI,70,25,50,169,115,2.4,1.6,2.5,3.2
Beno Udrih,MEM,79,18.9,50.6,194,115,2.5,1.5,2.6,3.7
Rodney Hood,UTA,50,21.3,47.7,140,113,2.8,2.3,3.2,5.1
Jerami Grant,PHI,64,21.2,36.6,204,110,3.2,1.7,3.1,3.9
Alec Burks,UTA,27,33.3,37.1,149,109,5.5,4,6.3,5.8
Paul Pierce,WAS,73,26.2,54.2,159,109,2.2,1.5,2.6,2.7
Josh Smith,HOU,55,25.5,43.4,213,109,3.9,2,4,3.7
Will Barton,TOTAL,58,17,45.6,179,108,3.1,1.9,3.3,5.3
Dion Waiters,CLE,32,23.7,46.9,169,108,5.3,3.4,6.3,6.8
Gerald Green,PHX,74,19.6,43,163,106,2.2,1.4,2.7,3.5
Markieff Morris,PHX,82,31.5,53.1,131,106,1.6,1.3,2,2
Leandro Barbosa,GSW,65,14.8,43.5,178,105,2.7,1.6,3.3,5.2
JJ Redick,LAC,78,30.9,48.7,166,105,2.1,1.3,2.5,2.1
Austin Rivers,LAC,41,19.3,45.3,147,105,3.6,2.6,3.7,6.4
Arron Afflalo,TOTAL,78,32.1,36.4,182,104,2.3,1.3,2.4,2
Corey Brewer,HOU,56,25.2,35.2,177,104,3.2,1.9,3.2,3.5
Anthony Davis,NOP,68,36.2,49.3,109,104,1.6,1.5,1.8,2
Luc Mbah a Moute,PHI,66,28.5,41.3,207,103,3.1,1.6,3.1,2.6
Kelly Olynyk,BOS,64,22.2,51.3,134,102,2.1,1.6,2.5,3.4
Kent Bazemore,ATL,75,17.6,41.6,164,100,2.2,1.3,2.5,3.6
Marcus Morris,PHX,81,25.3,41.9,150,100,1.9,1.2,2,2.3
Derrick Williams,SAC,74,19.7,41.1,107,100,1.4,1.4,1.7,3.3
Player,Team,GP,MIN per game,FG% on Drives,Total Drives,Total Player,Drives Per Game,Player PPG,Team PPG,PTS Per 48 Min
,,,,,,PTS on Drives,,on Drives,on Drives,on Drives
Draymond Green,GSW,78,31.6,41.5,159,98,2,1.3,2.3,1.9
Nikola Mirotic,CHI,82,20,42,136,97,1.7,1.2,1.9,2.8
Pau Gasol,CHI,78,34.3,38.2,117,96,1.5,1.2,1.7,1.7
Jodie Meeks,DET,60,24.4,40.8,130,96,2.2,1.6,2.5,3.1
Gary Neal,TOTAL,54,22.1,30.9,156,96,2.9,1.8,2.9,3.9
Richard Jefferson,DAL,74,16.9,37.5,173,95,2.3,1.3,2.3,3.7
Courtney Lee,MEM,77,30.6,40,148,95,1.9,1.2,2,1.9
Tony Snell,CHI,72,19.5,48.1,114,94,1.6,1.3,1.8,3.2
Mo Williams,TOTAL,67,29.4,41.8,296,94,4.4,1.4,4.6,2.3
Josh Smith,DET,28,32,40.5,160,91,5.7,3.2,6.3,4.9
CJ Miles,IND,70,26.2,44.4,107,90,1.5,1.3,1.8,2.4
Matt Barnes,LAC,76,29.9,44,139,88,1.8,1.2,2.2,1.9
CJ Watson,IND,57,24.9,42.2,173,87,3,1.5,3.2,2.9
Gary Neal,CHA,43,21.7,30.6,137,86,3.2,2,3.3,4.4
PJ Tucker,PHX,78,30.6,46.3,137,86,1.8,1.1,1.8,1.7
Will Barton,DEN,28,24.5,49.4,130,85,4.6,3,5.2,5.9
Jeremy Lamb,OKC,47,13.5,54,81,83,1.7,1.8,2.3,6.3
Jae Crowder,TOTAL,82,20.1,37.5,104,82,1.3,1,1.4,2.4
Jameer Nelson,DEN,34,20.7,55.9,186,80,5.5,2.4,5.3,5.5
Alexey Shved,NYK,16,26.5,43.9,119,80,7.4,5,7.7,9.1
Jimmer Fredette,NOP,50,10.2,51.6,99,79,2,1.6,2.2,7.4
J.R. Smith,TOTAL,70,29.7,40.9,130,79,1.9,1.1,2.3,1.8
Norris Cole,MIA,46,24.3,46.6,205,78,4.5,1.7,4.8,3.3
Shaun Livingston,GSW,77,18.9,41.3,147,78,1.9,1,1.9,2.6
Ryan Anderson,NOP,61,27.5,48.1,87,77,1.4,1.3,1.6,2.2
Nicolas Batum,POR,71,33.5,44.2,116,77,1.6,1.1,2.1,1.6
Bojan Bogdanovic,BKN,78,23.8,50.9,114,77,1.5,1,1.9,2
Jae Crowder,BOS,57,24.3,37.9,96,77,1.7,1.4,1.9,2.7
Chris Bosh,MIA,44,35.4,47.9,89,76,2,1.7,2.1,2.3
Langston Galloway,NYK,44,32.5,33.3,125,76,2.8,1.7,2.9,2.6
Enes Kanter,TOTAL,75,28.3,55.8,82,76,1.1,1,1.3,1.7
Ramon Sessions,SAC,36,17.7,36.5,145,76,4,2.1,3.6,5.7
Jared Sullinger,BOS,58,27,41.7,110,76,1.9,1.3,2.1,2.3
Carmelo Anthony,NYK,39,35.9,44.8,99,75,2.5,1.9,3,2.6
Andre Miller,WAS,51,12.4,54.2,107,75,2.1,1.5,2.2,5.7
Patrick Patterson,TOR,81,26.6,58.3,85,75,1,0.9,1.6,1.7
Ramon Sessions,WAS,28,19.5,38.3,109,75,3.9,2.7,4.2,6.6
Danny Green,SAS,81,28.5,39.7,161,74,2,0.9,2.2,1.5
Brian Roberts,CHA,72,18.5,44.4,116,74,1.6,1,1.8,2.7
Avery Bradley,BOS,77,31.5,41.1,110,73,1.4,0.9,1.6,1.4
Randy Foye,DEN,50,21.8,43.9,130,72,2.6,1.4,2.8,3.2
Arron Afflalo,DEN,53,33.1,30.9,140,71,2.6,1.3,2.6,1.9
LaMarcus Aldridge,POR,71,35.4,35.5,96,71,1.4,1,1.4,1.4
Ben Gordon,ORL,56,14.1,44.6,108,71,1.9,1.3,1.7,4.3
Archie Goodwin,PHX,41,13,39.7,125,71,3,1.7,3.6,6.4
Nick Calathes,MEM,58,14.4,42,134,70,2.3,1.2,2.7,4
Wesley Matthews,POR,60,33.8,51,113,70,1.9,1.2,2,1.7
Greg Monroe,DET,69,31.1,39.4,95,70,1.4,1,1.4,1.6
Phil Pressey,BOS,50,12,49.1,171,69,3.4,1.4,3.5,5.5
Brandon Bass,BOS,82,23.5,37.3,108,67,1.3,0.8,1.3,1.7
Player,Team,GP,MIN per game,FG% on Drives,Total Drives,Total Player,Drives Per Game,Player PPG,Team PPG,PTS Per 48 Min
,,,,,,PTS on Drives,,on Drives,on Drives,on Drives
Kirk Hinrich,CHI,66,24.3,46.7,106,67,1.6,1,2,2
Iman Shumpert,TOTAL,62,24.9,41.4,138,67,2.2,1.1,2.2,2.1
Marcus Smart,BOS,67,27,30.9,132,67,2,1,1.7,1.8
Shelvin Mack,ATL,55,15.1,39.7,174,65,3.2,1.2,3.3,3.7
Amir Johnson,TOR,75,26.4,57.1,68,64,0.9,0.9,1.2,1.6
Brook Lopez,BKN,72,29.2,47.7,67,64,0.9,0.9,1.1,1.5
Jabari Parker,MIL,25,29.6,39.7,95,64,3.8,2.6,4,4.2
Kevin Martin,MIN,38,33.7,35.4,88,63,2.3,1.7,2.6,2.4
Rajon Rondo,BOS,22,31.8,47.6,146,63,6.6,2.9,6.3,4.3
Chase Budinger,MIN,66,19.4,51.1,74,62,1.1,0.9,1.3,2.3
Isaiah Canaan,TOTAL,46,19.8,38.3,131,61,2.8,1.3,2.7,3.2
Andre Iguodala,GSW,76,26.9,42,121,61,1.6,0.8,1.7,1.4
Elijah Millsap,UTA,47,19.5,27.4,142,61,3,1.3,3.1,3.2
Al-Farouq Aminu,DAL,74,18.5,33.3,108,60,1.5,0.8,1.6,2.1
Vince Carter,MEM,66,16.5,41.5,94,60,1.4,0.9,1.6,2.6
Willie Green,ORL,52,18.3,35.7,103,60,2,1.2,2.1,3
Anthony Morrow,OKC,74,24.4,50,63,59,0.9,0.8,1.1,1.6
Nik Stauskas,SAC,73,15.4,39.6,94,59,1.3,0.8,1.4,2.5
Lance Thomas,TOTAL,61,24.1,47.7,72,59,1.2,1,1.4,1.9
Mirza Teletovic,BKN,40,22.4,43.4,97,59,2.4,1.5,2.5,3.2
Tony Allen,MEM,63,26.1,36.8,138,58,2.2,0.9,2.1,1.7
Marco Belinelli,SAS,62,22.4,46.7,78,58,1.3,0.9,1.5,2
Aaron Gordon,ORL,47,17,44.7,77,58,1.6,1.2,1.8,3.5
Enes Kanter,UTA,49,26.9,59,57,58,1.2,1.2,1.5,2.1
Quincy Pondexter,TOTAL,75,24,33.3,102,57,1.4,0.8,1.2,1.5
Terrence Ross,TOR,82,25.5,37.3,107,57,1.3,0.7,1.5,1.3
Nikola Vucevic,ORL,74,34.1,57.5,60,57,0.8,0.8,1.1,1.1
James Ennis,MIA,62,17,39.5,88,56,1.4,0.9,1.6,2.5
Alonzo Gee,TOTAL,54,12.3,39.6,92,56,1.7,1,1.6,4.1
Marc Gasol,MEM,81,33.2,55.9,53,56,0.7,0.7,1,1
Al Horford,ATL,76,30.4,62.5,74,56,1,0.7,1.3,1.2
Joe Ingles,UTA,79,21.2,40.8,214,56,2.7,0.7,2.7,1.6
Jonas Jerebko,TOTAL,75,16.4,37.1,91,56,1.2,0.7,1.3,2.2
Andre Miller,SAC,30,20.7,45.8,128,56,4.3,1.9,4.6,4.3
Matt Bonner,SAS,72,13,42.9,78,55,1.1,0.8,1.1,2.8
Ersan Ilyasova,MIL,57,22.9,43.5,71,55,1.2,1,1.4,2
Tayshaun Prince,TOTAL,58,24.1,40.4,73,55,1.3,0.9,1.5,1.9
Marcus Thornton,TOTAL,48,15,41.1,76,55,1.6,1.1,1.6,3.7
Marcus Thornton,BOS,39,16.4,43.4,72,55,1.8,1.4,2,4.1
Spencer Dinwiddie,DET,34,13.4,36.7,94,53,2.8,1.6,2.9,5.6
Ronnie Price,LAL,43,22.9,38.3,102,53,2.4,1.2,2.5,2.6
Marvin Williams,CHA,78,26.1,42.9,89,53,1.1,0.7,1.3,1.2
Ryan Kelly,LAL,52,23.8,46.2,72,52,1.4,1,1.4,2
Zach Randolph,MEM,71,32.4,46.3,60,52,0.8,0.7,1,1.1
Alexey Shved,PHI,17,16.8,40.6,68,52,4,3.1,4.9,8.7
Chris Copeland,IND,50,16.5,46.8,68,51,1.4,1,1.6,3
Mike Dunleavy,CHI,63,29.1,35.1,81,50,1.3,0.8,1.3,1.3
Matthew Dellavedova,CLE,66,20.7,31.4,146,50,2.2,0.8,2.2,1.8
Kyle Singler,TOTAL,80,21.8,32.1,98,50,1.2,0.6,1.4,1.4
Jason Terry,HOU,76,21.3,47.8,134,50,1.8,0.7,1.5,1.5
Player,Team,GP,MIN per game,FG% on Drives,Total Drives,Total Player,Drives Per Game,Player PPG,Team PPG,PTS Per 48 Min
,,,,,,PTS on Drives,,on Drives,on Drives,on Drives
Norris Cole,NOP,28,24.4,36.7,118,49,4.2,1.8,4.2,3.4
E'Twaun Moore,CHI,56,8.8,50,65,49,1.2,0.9,1.2,4.8
Quincy Pondexter,NOP,45,27.9,37.5,80,49,1.8,1.1,1.7,1.9
Lance Thomas,NYK,39,26.2,58.6,50,49,1.3,1.3,1.6,2.3
Nerlens Noel,PHI,74,30.8,44.1,77,48,1,0.6,0.9,1
Rasual Butler,WAS,75,20.1,50,53,47,0.7,0.6,0.8,1.5
Mo Williams,MIN,40,28.4,41.3,151,47,3.8,1.2,3.7,2
Mo Williams,CHA,27,30.8,42.4,145,47,5.4,1.7,5.8,2.7
D.J. Augustin,OKC,28,24.1,33.3,146,46,5.2,1.6,5.5,3.3
Wesley Johnson,LAL,76,29.6,43.8,63,46,0.8,0.6,0.9,1
Marreese Speights,GSW,75,15.9,50,51,46,0.7,0.6,1,1.8
David West,IND,66,28.7,51.4,57,46,0.9,0.7,1,1.2
Thaddeus Young,BKN,28,29.7,42.6,70,46,2.5,1.6,2.8,2.7
Andrea Bargnani,NYK,29,27.1,47.6,49,45,1.7,1.6,2.1,2.7
Markel Brown,BKN,47,16.7,38.2,60,45,1.3,1,1.5,2.8
Dante Exum,UTA,82,22.1,33.3,185,45,2.3,0.5,2.6,1.2
Alonzo Gee,DEN,39,13.1,37.8,73,45,1.9,1.2,1.7,4.2
Terrence Jones,HOU,33,27,52.9,56,45,1.7,1.4,2.3,2.4
J.R. Smith,NYK,24,25.8,50,56,45,2.3,1.9,2.8,3.5
Cody Zeller,CHA,62,24,34.1,71,45,1.1,0.7,1.2,1.5
Wayne Ellington,LAL,65,25.8,27,114,44,1.8,0.7,1.7,1.3
PJ Hairston,CHA,45,15.3,34.1,58,44,1.3,1,1.4,3.1
Serge Ibaka,OKC,64,33.1,50,56,44,0.9,0.7,0.9,1
Jabari Brown,LAL,19,30,33.3,68,43,3.6,2.3,3.5,3.6
Shabazz Napier,MIA,51,19.9,33.3,146,43,2.9,0.8,3,2
Trevor Booker,UTA,79,19.8,41,78,42,1,0.5,1,1.3
Isaiah Canaan,PHI,22,25.9,40.9,85,42,3.9,1.9,4,3.5
Tyler Johnson,MIA,32,18.9,38.6,86,42,2.7,1.3,2.4,3.3
Shabazz Muhammad,MIN,37,23,41.9,48,42,1.3,1.1,1.7,2.4
Sebastian Telfair,OKC,16,20.5,42.1,69,42,4.3,2.6,4.6,6.2
Michael Beasley,MIA,24,21.1,52.9,55,41,2.3,1.7,3,3.9
Nate Robinson,TOTAL,42,14.1,30.4,88,41,2.1,1,2.5,3.3
Perry Jones,OKC,43,14.7,44.4,53,40,1.2,0.9,1.3,3
Kyle Singler,DET,54,23.9,30.2,82,40,1.5,0.7,1.7,1.5
Kenneth Faried,DEN,75,27.9,41.2,53,39,0.7,0.5,0.7,0.9
Joakim Noah,CHI,67,30.5,44.7,76,39,1.1,0.6,1.2,0.9
Nick Young,LAL,42,23.9,31.1,62,39,1.5,0.9,1.2,1.9
Nate Robinson,DEN,33,14.1,33.3,76,38,2.3,1.2,2.7,3.9
Luis Scola,IND,81,20.4,27.5,86,38,1.1,0.5,1.1,1.1
Cleanthony Early,NYK,39,16.7,37.5,50,37,1.3,0.9,1.4,2.7
Thabo Sefolosha,ATL,52,18.6,44.4,87,37,1.7,0.7,1.6,1.8
Anthony Tolliver,TOTAL,76,18.9,44,34,37,0.4,0.5,0.6,1.2
Charlie Villanueva,DAL,64,10.6,38.1,55,37,0.9,0.6,0.8,2.6
TJ Warren,PHX,40,15.4,42.5,48,36,1.2,0.9,1.2,2.8
Carlos Boozer,LAL,71,23.9,48.1,40,35,0.6,0.5,0.7,1
Spencer Hawes,LAC,73,17.5,38.9,56,35,0.8,0.5,0.8,1.3
JJ Hickson,DEN,73,19.4,54.5,35,35,0.5,0.5,0.6,1.2
Iman Shumpert,NYK,24,26,47.1,63,35,2.6,1.5,3,2.7
Steve Blake,POR,81,18.9,42.9,183,34,2.3,0.4,2.6,1.1
Corey Brewer,MIN,23,28.6,33.3,59,34,2.6,1.5,2.8,2.5
Player,Team,GP,MIN per game,FG% on Drives,Total Drives,Total Player,Drives Per Game,Player PPG,Team PPG,PTS Per 48 Min
,,,,,,PTS on Drives,,on Drives,on Drives,on Drives
Luke Babbitt,NOP,63,13.1,43.8,55,34,0.9,0.5,0.9,2
Maurice Harkless,ORL,45,15,45.2,60,34,1.3,0.8,1.3,2.4
Chris Kaman,POR,74,18.9,64,42,34,0.6,0.5,0.6,1.2
Shawn Marion,CLE,56,19.3,46.4,40,34,0.7,0.6,1,1.5
Thomas Robinson,TOTAL,54,14.8,34.4,51,34,0.9,0.6,0.8,2
J.R. Smith,CLE,46,31.8,33.3,74,34,1.6,0.7,2,1.1
Arron Afflalo,POR,25,30.1,61.1,42,33,1.7,1.3,2,2.1
Tyler Ennis,TOTAL,33,12.5,36.4,66,33,2,1,1.8,3.8
Kevin Love,CLE,74,33.7,29.4,67,33,0.9,0.4,0.8,0.6
Jameer Nelson,DAL,23,25.4,46.7,118,33,5.1,1.4,5.8,2.7
Adreian Payne,TOTAL,32,23.1,46.4,45,33,1.4,1,1.3,2.1
Adreian Payne,MIN,29,24.9,48.1,43,33,1.5,1.1,1.5,2.2
Jason Smith,NYK,81,21.9,33.3,52,33,0.6,0.4,0.7,0.9
Anthony Tolliver,DET,52,22.4,43.5,31,33,0.6,0.6,0.8,1.4
Jeff Taylor,CHA,29,14.9,24.1,55,33,1.9,1.1,1.6,3.7
Andre Roberson,OKC,67,19.2,46.4,51,32,0.8,0.5,0.9,1.2
Iman Shumpert,CLE,38,24.2,36.1,75,32,2,0.8,1.8,1.7
Jordan Hill,LAL,70,26.8,37,49,31,0.7,0.4,0.7,0.8
Ricky Ledo,TOTAL,17,14.4,25,62,31,3.6,1.8,3.2,6.1
Jared Dudley,MIL,71,23.8,44,77,30,1.1,0.4,1.1,0.9
Gary Harris,DEN,55,13.1,25.7,76,30,1.4,0.5,1.1,2
Ricky Ledo,NYK,12,19.5,26.3,59,30,4.9,2.5,4.3,6.2
Darius Morris,BKN,38,7.9,48.3,53,30,1.4,0.8,1.5,4.8
Raymond Felton,DAL,29,9.7,42.9,53,29,1.8,1,1.9,4.9
Jonas Jerebko,DET,46,15.3,37.5,50,29,1.1,0.6,1.2,2
Dorell Wright,POR,48,12.4,34.4,64,29,1.3,0.6,1.5,2.3
Kyle Anderson,SAS,33,10.9,37.9,58,28,1.8,0.8,2.1,3.8
Otto Porter,WAS,74,19.3,45.8,36,28,0.5,0.4,0.6,0.9
Thomas Robinson,PHI,22,18.5,30.8,44,28,2,1.3,1.7,3.3
Tyler Ennis,MIL,25,14.1,34.2,55,27,2.2,1.1,1.9,3.7
Jordan Farmar,LAC,36,14.7,47.8,56,27,1.6,0.8,1.7,2.4
Derrick Favors,UTA,74,30.8,52.6,40,27,0.5,0.4,0.6,0.6
Nene,WAS,67,25.2,63.2,30,27,0.4,0.4,0.6,0.8
Jonas Jerebko,BOS,29,18.2,36.7,41,27,1.4,0.9,1.6,2.5
David Lee,GSW,48,18.5,43.5,38,27,0.8,0.6,0.7,1.5
Ricky Rubio,MIN,22,31.5,25.8,100,27,4.5,1.2,4.5,1.9
Kendall Marshall,MIL,27,15.3,44.4,66,26,2.4,1,2.7,3
Donatas Motiejunas,HOU,70,28.7,44,46,26,0.7,0.4,0.6,0.6
Tyler Zeller,BOS,82,21.1,55.6,23,26,0.3,0.3,0.4,0.7
Danny Granger,MIA,29,20.4,31.3,48,25,1.7,0.9,1.5,2
Dirk Nowitzki,DAL,77,29.6,55.6,31,25,0.4,0.3,0.6,0.5
Ish Smith,OKC,30,5.2,40,65,25,2.2,0.8,2.6,7.7
Mike Scott,ATL,68,16.5,30,50,25,0.7,0.4,0.8,1.1
Andrew Bogut,GSW,66,23.5,61.1,30,24,0.5,0.4,0.6,0.7
Jon Leuer,MEM,63,13.1,38.5,51,24,0.8,0.4,0.7,1.4
Nate Wolters,TOTAL,21,11.8,47.8,44,24,2.1,1.1,2.1,4.7
Quincy Acy,NYK,67,19.1,50,27,23,0.4,0.3,0.4,0.9
Lorenzo Brown,MIN,29,19,37,55,23,1.9,0.8,2.1,2
Will Barton,POR,30,10,34.6,49,23,1.6,0.8,1.4,3.7
Tayshaun Prince,MEM,26,24.2,29.2,34,23,1.3,0.9,1.2,1.8
Player,Team,GP,MIN per game,FG% on Drives,Total Drives,Total Player,Drives Per Game,Player PPG,Team PPG,PTS Per 48 Min
,,,,,,PTS on Drives,,on Drives,on Drives,on Drives
A.J. Price,TOTAL,26,12.4,34.8,55,23,2.1,0.9,2.2,3.4
Caron Butler,DET,78,20.9,42.1,44,22,0.6,0.3,0.4,0.6
Nick Collison,OKC,66,16.7,50,41,22,0.6,0.3,0.6,1
Tristan Thompson,CLE,81,26.8,36.4,30,22,0.4,0.3,0.3,0.5
Jose Calderon,NYK,41,30,36.8,81,21,2,0.5,2.2,0.8
Brandon Knight,PHX,11,31.7,33.3,52,21,4.7,1.9,4.5,2.9
Tim Duncan,SAS,77,29,56.3,27,20,0.4,0.3,0.4,0.4
Patty Mills,SAS,51,15.7,24.1,56,20,1.1,0.4,1.2,1.2
Tayshaun Prince,DET,23,24.9,40,27,20,1.2,0.9,1.7,1.7
Kostas Papanikolaou,HOU,42,18.4,31,101,20,2.4,0.5,1.8,1.2
Luke Ridnour,ORL,47,14.6,36,48,20,1,0.4,1.1,1.4
Isaiah Canaan,HOU,24,14.3,31.3,46,19,1.9,0.8,1.5,2.7
Rudy Gobert,UTA,82,26.3,46.2,26,18,0.3,0.2,0.3,0.4
Nick Johnson,HOU,27,9.6,30.4,38,18,1.4,0.7,1.3,3.3
Enes Kanter,OKC,26,30.9,46.2,25,18,1,0.7,1,1.1
Zaza Pachulia,MIL,72,23.4,42.9,27,18,0.4,0.2,0.5,0.5
Glenn Robinson,TOTAL,35,7.5,46.7,29,18,0.8,0.5,1,3.3
Hedo Turkoglu,LAC,62,11.4,63.6,30,18,0.5,0.3,0.7,1.2
Allen Crabbe,POR,51,13.4,46.2,25,17,0.5,0.3,0.7,1.2
Bryce Cotton,UTA,15,10.6,53.8,20,17,1.3,1.1,1.8,5.1
Austin Daye,TOTAL,34,10.1,36.8,30,17,0.9,0.5,0.6,2.4
Joe Harris,CLE,51,9.7,63.6,37,17,0.7,0.3,0.6,1.7
A.J. Price,IND,10,19.3,31.3,35,17,3.5,1.7,4.3,4.2
Mason Plumlee,BKN,82,21.3,46.2,37,17,0.5,0.2,0.4,0.5
Jason Richardson,PHI,19,21.9,33.3,51,17,2.7,0.9,2.9,2
Dwight Buycks,LAL,6,20.5,33.3,22,16,3.7,2.7,4.5,6.2
Austin Daye,SAS,26,10.3,41.2,25,16,1,0.6,0.8,2.9
Andre Drummond,DET,82,30.5,53.8,17,16,0.2,0.2,0.2,0.3
Drew Gooden,WAS,51,17,43.8,29,16,0.6,0.3,0.5,0.9
Henry Sims,PHI,72,19.2,60,17,16,0.2,0.2,0.3,0.6
Kyle O'Quinn,ORL,51,16.2,62.5,23,15,0.5,0.3,0.4,0.9
Tiago Splitter,SAS,52,19.8,71.4,15,15,0.3,0.3,0.4,0.7
Darrell Arthur,DEN,58,17.1,62.5,17,14,0.3,0.2,0.4,0.7
Taj Gibson,CHI,62,27.3,46.2,18,14,0.3,0.2,0.3,0.4
Meyers Leonard,POR,55,15.4,50,12,14,0.2,0.3,0.3,0.8
Joffrey Lauvergne,DEN,24,11.2,44.4,17,14,0.7,0.6,0.9,2.5
Glenn Robinson,PHI,10,15.4,53.8,25,14,2.5,1.4,3.2,4.4
Shawne Williams,TOTAL,62,17.1,30,25,14,0.4,0.2,0.5,0.6
Anthony Bennett,MIN,56,15.8,44.4,19,13,0.3,0.2,0.3,0.7
Larry Drew II,PHI,12,18.3,100,20,13,1.7,1.1,1.5,2.8
Tim Frazier,TOTAL,10,20.4,31.3,57,13,5.7,1.3,6.1,3.1
Erick Green,DEN,43,9.6,31.3,38,13,0.9,0.3,0.9,1.5
Kris Humphries,WAS,64,21,31.3,27,13,0.4,0.2,0.5,0.5
Russ Smith,TOTAL,12,5.4,62.5,23,13,1.9,1.1,1.3,9.6
Russ Smith,MEM,6,6,83.3,13,13,2.2,2.2,2.2,17.3
Nate Wolters,MIL,11,12.9,54.5,20,13,1.8,1.2,1.7,4.4
Pero Antic,ATL,63,16.4,45.5,19,12,0.3,0.2,0.2,0.6
Toney Douglas,NOP,12,14.7,55.6,23,12,1.9,1,2.1,3.3
Gorgui Dieng,MIN,72,30.3,33.3,18,12,0.2,0.2,0.3,0.3
Justin Holiday,GSW,59,11.2,33.3,17,12,0.3,0.2,0.3,0.9
Kyle Korver,ATL,75,32.2,35.7,29,12,0.4,0.2,0.4,0.2
Sergey Karasev,BKN,33,16.8,30.8,36,12,1.1,0.4,1.2,1
Tayshaun Prince,BOS,9,22.1,75,12,12,1.3,1.3,2,2.9
Pablo Prigioni,TOTAL,66,18.1,15.8,94,12,1.4,0.2,1.2,0.5
Henry Walker,MIA,24,26.2,20,44,12,1.8,0.5,1.5,0.9
Tarik Black,TOTAL,62,19,66.7,9,11,0.1,0.2,0.2,0.4
Tarik Black,LAL,38,21.2,80,8,11,0.2,0.3,0.4,0.7
Ian Clark,TOTAL,30,6.3,50,19,11,0.6,0.4,0.8,2.8
Alonzo Gee,POR,15,10.1,45.5,19,11,1.3,0.7,1.3,3.5
Udonis Haslem,MIA,61,16.1,60,10,11,0.2,0.2,0.3,0.5
Doug McDermott,CHI,36,8.8,25,23,11,0.6,0.3,0.4,1.7
Nate Wolters,NOP,10,10.5,41.7,24,11,2.4,1.1,2.6,5
James Young,BOS,31,10.6,50,14,11,0.5,0.4,0.6,1.6
Omer Asik,NOP,76,26.1,66.7,14,10,0.2,0.1,0.2,0.2
Jordan Adams,MEM,30,8.3,30.8,27,10,0.9,0.3,1,1.9
Gigi Datome,TOTAL,21,10,62.5,11,10,0.5,0.5,0.6,2.3
Gigi Datome,BOS,18,10.7,83.3,9,10,0.5,0.6,0.7,2.5
Kevin Garnett,TOTAL,47,20.3,50,14,10,0.3,0.2,0.4,0.5
Kevin Garnett,BKN,42,20.4,50,12,10,0.3,0.2,0.5,0.6
Chris Johnson,TOTAL,29,18.2,35.7,20,10,0.7,0.3,0.4,0.9
John Jenkins,ATL,24,12.4,42.9,17,10,0.7,0.4,0.5,1.6
John Lucas III,DET,21,13,38.5,33,10,1.6,0.5,1.9,1.8
Gary Neal,MIN,11,23.8,33.3,19,10,1.7,0.9,1.4,1.8
Johnny O'Bryant,MIL,33,10.5,66.7,12,10,0.4,0.3,0.5,1.4
Pablo Prigioni,NYK,42,18.8,15.4,62,10,1.5,0.2,1.2,0.6
Kyle Singler,OKC,26,17.5,40,16,10,0.6,0.4,0.8,1.1
Garrett Temple,WAS,52,14.2,17.6,40,10,0.8,0.2,0.7,0.7
Jason Thompson,SAC,81,24.5,50,14,10,0.2,0.1,0.2,0.2
Lance Thomas,OKC,22,20.5,26.7,22,10,1,0.5,1.1,1.1
Anderson Varejao,CLE,26,24.4,100,9,10,0.3,0.4,0.6,0.8
Brandan Wright,TOTAL,75,19.4,38.5,15,10,0.2,0.1,0.2,0.3
CJ Wilcox,LAC,21,4.8,66.7,8,10,0.4,0.5,0.6,4.8
Alexis Ajinca,NOP,68,14.1,50,12,9,0.2,0.1,0.3,0.5
Aron Baynes,SAS,70,16,50,10,9,0.1,0.1,0.2,0.4
Dante Cunningham,NOP,66,25.1,36.4,18,9,0.3,0.1,0.2,0.3
Ed Davis,LAL,79,23.3,40,17,9,0.2,0.1,0.2,0.2
Channing Frye,ORL,75,24.9,21.4,26,9,0.3,0.1,0.3,0.2
Landry Fields,TOR,26,8.4,30.8,19,9,0.7,0.3,0.8,2
Justin Hamilton,TOTAL,41,17.4,28.6,17,9,0.4,0.2,0.4,0.6
John Henson,MIL,66,18.3,75,9,9,0.1,0.1,0.2,0.4
James Michael McAdoo,GSW,15,9.2,27.3,14,9,0.9,0.6,0.7,3.1
Dwight Powell,TOTAL,29,8.2,57.1,12,9,0.4,0.3,0.4,1.8
Brandon Rush,GSW,33,8.2,33.3,16,9,0.5,0.3,0.4,1.6
Martell Webster,WAS,32,11,0,17,9,0.5,0.3,0.3,1.2
Will Bynum,WAS,7,9.5,66.7,16,8,2.3,1.1,2.3,5.7
Chris Johnson,UTA,12,17.6,57.1,11,8,0.9,0.7,0.8,1.8
Carl Landry,SAC,70,17,44.4,10,8,0.1,0.1,0.2,0.3
Josh McRoberts,MIA,17,17.6,57.1,23,8,1.4,0.5,1.2,1.3
Quincy Pondexter,MEM,30,18,21.4,22,8,0.7,0.3,0.4,0.7
Damjan Rudez,IND,68,15.4,40,28,8,0.4,0.1,0.6,0.4
Amar'e Stoudemire,TOTAL,58,21.3,57.1,13,8,0.2,0.1,0.3,0.3
Shawne Williams,MIA,43,20.9,28.6,18,8,0.4,0.2,0.5,0.4
Brandan Wright,PHX,40,21.5,40,11,8,0.3,0.2,0.4,0.4
Travis Wear,NYK,50,13,25,11,8,0.2,0.2,0.2,0.6
Vander Blue,LAL,2,36.9,33.3,17,7,8.5,3.5,5.5,4.5
Ian Clark,UTA,23,6.9,50,15,7,0.7,0.3,0.8,2.1
Glen Davis,LAC,74,12.3,33.3,11,7,0.1,0.1,0.2,0.4
Brandon Davies,TOTAL,27,15.7,22.2,15,7,0.6,0.3,0.4,0.8
Troy Daniels,TOTAL,46,8.6,33.3,13,7,0.3,0.2,0.2,0.9
Tim Frazier,PHI,5,27.2,20,32,7,6.4,1.4,7,2.5
Francisco Garcia,HOU,14,14.3,33.3,24,7,1.7,0.5,0.6,1.7
Tyler Hansbrough,TOR,74,14.3,42.9,9,7,0.1,0.1,0.1,0.3
Justin Hamilton,MIN,17,24.9,33.3,10,7,0.6,0.4,0.5,0.8
Timofey Mozgov,TOTAL,81,25.3,100,6,7,0.1,0.1,0.1,0.2
Timofey Mozgov,DEN,35,25.7,100,4,7,0.1,0.2,0.2,0.4
Reggie Williams,SAS,20,5.3,42.9,14,7,0.7,0.4,0.8,3.2
Steven Adams,OKC,70,25.2,66.7,7,6,0.1,0.1,0.2,0.2
Chris Douglas-Roberts,LAC,12,8.6,50,7,6,0.6,0.5,0.7,2.8
Tyler Ennis,PHX,8,7.3,50,11,6,1.4,0.8,1.4,4.9
Tim Frazier,POR,5,13.6,50,25,6,5,1.2,5.2,4.2
Marcin Gortat,WAS,82,29.9,50,11,6,0.1,0.1,0.1,0.1
Jorge Gutierrez,TOTAL,20,8.5,40,14,6,0.7,0.3,0.9,1.7
Dwight Howard,HOU,40,29.8,40,13,6,0.3,0.2,0.3,0.2
Xavier Henry,LAL,9,9.5,0,12,6,1.3,0.7,1.1,3.4
Cory Jefferson,BKN,50,10.6,42.9,12,6,0.2,0.1,0.3,0.5
Kosta Koufos,MEM,81,16.6,75,6,6,0.1,0.1,0.1,0.2
Robin Lopez,POR,59,27.8,60,8,6,0.1,0.1,0.2,0.2
Mike Muscala,ATL,40,12.4,40,13,6,0.3,0.2,0.3,0.6
Devyn Marble,ORL,16,13,42.9,16,6,1,0.4,1.1,1.4
Mitch McGary,OKC,32,15.2,33.3,13,6,0.4,0.2,0.4,0.6
Jusuf Nurkic,DEN,62,17.8,50,11,6,0.2,0.1,0.1,0.3
A.J. Price,CLE,11,7.9,42.9,15,6,1.4,0.5,0.5,3.3
Thomas Robinson,POR,32,12.2,50,7,6,0.2,0.2,0.2,0.7
Amar'e Stoudemire,DAL,23,16.5,60,5,6,0.2,0.3,0.3,0.8
Alexey Shved,HOU,9,6.6,40,11,6,1.2,0.7,1.6,4.9
Jonas Valanciunas,TOR,80,26.2,50,13,6,0.2,0.1,0.1,0.1
Shawne Williams,DET,19,8.6,33.3,7,6,0.4,0.3,0.4,1.8
Cole Aldrich,NYK,60,16.1,66.7,3,5,0,0.1,0.1,0.2
Jae Crowder,DAL,25,10.6,33.3,8,5,0.3,0.2,0.3,0.9
Brandon Davies,PHI,20,19,14.3,13,5,0.6,0.2,0.5,0.6
Ryan Hollins,SAC,46,9.6,50,5,5,0.1,0.1,0.1,0.5
Al Jefferson,CHA,65,30.7,28.6,9,5,0.1,0.1,0.2,0.1
Jerome Jordan,BKN,44,8.7,100,2,5,0,0.1,0.1,0.6
KJ McDaniels,HOU,10,3.3,40,10,5,1,0.5,1.2,7.3
Jameer Nelson,BOS,6,20.2,22.2,29,5,4.8,0.8,4.7,2
Andrew Nicholson,ORL,40,12.3,18.2,12,5,0.3,0.1,0.2,0.5
Kendrick Perkins,TOTAL,68,16.9,28.6,15,5,0.2,0.1,0.1,0.2
Kendrick Perkins,OKC,51,19.2,40,13,5,0.3,0.1,0.2,0.2
Dwight Powell,DAL,24,9.5,50,8,5,0.3,0.2,0.3,1.1
Noah Vonleh,CHA,25,10.4,28.6,12,5,0.5,0.2,0.5,0.9
Jeff Adrien,MIN,17,12.7,50,9,4,0.5,0.2,0.7,0.9
Shannon Brown,MIA,5,17.8,50,4,4,0.8,0.8,0.8,2.2
Reggie Bullock,TOTAL,36,9.4,50,6,4,0.2,0.1,0.1,0.6
Tyson Chandler,DAL,75,30.5,100,6,4,0.1,0.1,0.1,0.1
Ian Clark,DEN,7,4.5,50,4,4,0.6,0.6,0.6,6.2
Samuel Dalembert,NYK,32,17,66.7,3,4,0.1,0.1,0.2,0.4
Troy Daniels,CHA,11,12.3,50,5,4,0.5,0.4,0.5,1.4
Zoran Dragic,TOTAL,16,4.7,50,6,4,0.4,0.2,0.2,2.5
Zoran Dragic,MIA,10,6.2,50,6,4,0.6,0.4,0.4,3.1
Joel Freeland,POR,48,12.8,50,8,4,0.2,0.1,0.2,0.3
Jorge Gutierrez,MIL,10,12.7,50,9,4,0.9,0.4,0.8,1.5
Paul George,IND,6,15.2,25,7,4,1.2,0.7,1.8,2.1
Roy Hibbert,IND,76,25.3,25,13,4,0.2,0.1,0.2,0.1
Grant Jerrett,TOTAL,8,6.4,66.7,4,4,0.5,0.5,0.5,3.8
Alex Len,PHX,69,22,33.3,8,4,0.1,0.1,0.1,0.1
Cartier Martin,DET,23,8.6,50,8,4,0.3,0.2,0.3,1
Gal Mekel,NOP,4,10.9,28.6,8,4,2,1,2,4.4
Miles Plumlee,TOTAL,73,16.4,50,7,4,0.1,0.1,0.1,0.2
Dwight Powell,BOS,5,1.9,66.7,4,4,0.8,0.8,0.8,20.6
Glenn Robinson,MIN,25,4.3,0,4,4,0.2,0.2,0.2,1.8
John Salmons,NOP,21,12.9,33.3,5,4,0.2,0.2,0.3,0.7
Larry Sanders,MIL,27,21.7,40,7,4,0.3,0.1,0.1,0.3
Kevin Seraphin,WAS,79,15.6,100,6,4,0.1,0.1,0.1,0.2
Anthony Tolliver,PHX,24,11.4,50,3,4,0.1,0.2,0.2,0.7
Hassan Whiteside,MIA,47,24.2,50,5,4,0.1,0.1,0.2,0.2
Jared Cunningham,LAC,19,4.7,16.7,13,3,0.7,0.2,0.5,1.6
Will Cherry,CLE,8,8.7,25,10,3,1.2,0.4,1.1,2.1
Troy Daniels,HOU,16,6.4,100,4,3,0.2,0.2,0.2,1.4
Reggie Evans,SAC,47,16.3,100,6,3,0.1,0.1,0.1,0.2
Robbie Hummel,MIN,44,16.7,16.7,14,3,0.3,0.1,0.2,0.2
Lester Hudson,LAC,5,11.1,33.3,6,3,1.2,0.6,1.8,2.6
Miles Plumlee,MIL,19,10,100,2,3,0.1,0.2,0.2,0.8
Nate Robinson,LAC,9,14.1,0,12,3,1.3,0.3,1.7,1.1
Gerald Wallace,BOS,32,8.9,0,12,3,0.4,0.1,0.3,0.5
Elliot Williams,TOTAL,13,9.1,33.3,8,3,0.6,0.2,0.8,1.2
Shayne Whittington,IND,20,5.4,0,8,3,0.4,0.2,0.6,1.3
Lou Amundson,TOTAL,52,17.7,100,3,2,0.1,0,0,0.1
Lou Amundson,NYK,40,21,100,3,2,0.1,0,0,0.1
Chris Andersen,MIA,59,18.7,33.3,7,2,0.1,0,0.1,0.1
Lavoy Allen,IND,63,16.9,11.1,12,2,0.2,0,0.2,0.1
Reggie Bullock,LAC,25,10.5,50,4,2,0.2,0.1,0.1,0.4
Reggie Bullock,PHX,11,6.8,50,2,2,0.2,0.2,0.2,1.3
Earl Clark,BKN,10,9.3,33.3,6,2,0.6,0.2,0.2,1
Brandon Davies,BKN,7,6.3,50,2,2,0.3,0.3,0.3,2.2
Jorge Gutierrez,BKN,10,4.4,33.3,5,2,0.5,0.2,1,2.2
JaMychal Green,TOTAL,24,6.8,100,3,2,0.1,0.1,0.2,0.6
JaMychal Green,MEM,20,7,100,2,2,0.1,0.1,0.2,0.7
Justin Hamilton,MIA,24,12.1,20,7,2,0.3,0.1,0.3,0.3
Jordan Hamilton,LAC,14,8.7,20,15,2,1.1,0.1,0.9,0.8
Dahntay Jones,LAC,33,3.7,0,3,2,0.1,0.1,0.2,0.8
James Jones,CLE,56,11.9,0,11,2,0.2,0,0.1,0.1
DeAndre Jordan,LAC,82,34.4,100,3,2,0,0,0,0
Chris Johnson,PHI,9,20.8,20,7,2,0.8,0.2,0.3,0.5
Bernard James,DAL,16,9.9,-,3,2,0.2,0.1,0.3,0.6
Grant Jerrett,OKC,5,5,100,2,2,0.4,0.4,0.4,3.9
Grant Jerrett,UTA,3,8.7,50,2,2,0.7,0.7,0.7,3.7
Mike Miller,CLE,51,13.3,33.3,14,2,0.3,0,0.3,0.1
Jason Maxiell,CHA,61,14.4,33.3,5,2,0.1,0,0.1,0.1
Jerel McNeal,PHX,6,6.1,20,8,2,1.3,0.3,0.7,2.6
JaVale McGee,TOTAL,23,11.1,50,2,2,0.1,0.1,0.2,0.4
JaVale McGee,PHI,6,10.3,100,1,2,0.2,0.3,0.3,1.6
Toure' Murry,TOTAL,5,3.6,100,1,2,0.2,0.4,0,5.3
Toure' Murry,WAS,4,4.3,100,1,2,0.2,0.5,0.5,5.6
Nikola Pekovic,MIN,30,26.2,50,2,2,0.1,0.1,0.1,0.1
Pablo Prigioni,HOU,24,16.8,16.7,32,2,1.3,0.1,1.1,0.2
Amar'e Stoudemire,NYK,35,24.5,50,8,2,0.2,0.1,0.3,0.1
Greg Stiemsma,TOR,17,3.9,-,1,2,0.1,0.1,0.1,1.5
Jarnell Stokes,MEM,19,6.7,100,1,2,0.1,0.1,0.1,0.8
Tyrus Thomas,MEM,2,3.3,-,1,2,0.5,1,1,14.7
Brandan Wright,DAL,27,18.7,33.3,4,2,0.1,0.1,0.1,0.2
Jeff Withey,NOP,37,7,33.3,3,2,0.1,0.1,0.1,0.4
Elliot Williams,NOP,8,9.6,50,4,2,0.5,0.2,0.9,1.2
Elton Brand,ATL,36,13.4,0,8,1,0.2,0,0.2,0.1
Earl Barron,PHX,16,8.9,-,1,1,0.1,0.1,0.1,0.3
Austin Daye,ATL,8,9.5,0,5,1,0.6,0.1,0.1,0.6
Festus Ezeli,GSW,46,11,-,2,1,0,0,0,0.1
Ricky Ledo,DAL,5,2.2,0,3,1,0.6,0.2,0.6,4.4
Quincy Miller,TOTAL,10,12,0,6,1,0.6,0.1,0.4,0.4
Quincy Miller,SAC,6,10.3,0,2,1,0.3,0.2,0.7,0.8
Miles Plumlee,PHX,54,18.6,0,5,1,0.1,0,0.1,0
Shavlik Randolph,TOTAL,21,6,0,3,1,0.1,0,0,0.4
Shavlik Randolph,BOS,5,5,-,1,1,0.2,0.2,0.2,1.9
Robert Sacre,LAL,67,16.9,0,4,1,0.1,0,0,0
David Stockton,SAC,3,11.1,0,5,1,1.7,0.3,1,1.4
Elliot Williams,UTA,5,8.4,0,4,1,0.8,0.2,0.6,1.1
Lou Amundson,CLE,12,6.6,-,0,0,0,0,0,0
Joel Anthony,DET,49,8.3,-,0,0,0,0,0,0
Jeff Ayres,SAS,51,7.5,0,1,0,0,0,0,0
Furkan Aldemir,PHI,41,13.2,-,2,0,0,0,0,0
DeJuan Blair,WAS,29,6.2,0,2,0,0.1,0,0.1,0
Jerrelle Benimon,UTA,2,1.4,-,0,0,0,0,0,0
Cameron Bairstow,CHI,18,3.5,-,0,0,0,0,0,0
Tarik Black,HOU,24,15.7,0,1,0,0,0,0,0
Bismack Biyombo,CHA,64,19.4,-,1,0,0,0,0,0
Sim Bhullar,SAC,3,0.9,-,0,0,0,0,0,0
Patrick Christopher,UTA,4,7.2,0,2,0,0.5,0,0,0
Seth Curry,PHX,2,3.9,-,0,0,0,0,0,0
Victor Claver,POR,10,7.6,0,4,0,0.4,0,0.4,0
Jack Cooley,UTA,16,5.5,-,1,0,0.1,0,0.1,0
Bruno Caboclo,TOR,8,2.9,0,5,0,0.6,0,0,0
Clint Capela,HOU,12,7.5,-,1,0,0.1,0,0,0
Joey Dorsey,HOU,68,12.5,0,5,0,0.1,0,0,0
Gigi Datome,DET,3,5.8,0,2,0,0.7,0,0.3,0
Troy Daniels,MIN,19,8.1,0,4,0,0.2,0,0,0
Andre Dawkins,MIA,4,5.4,-,0,0,0,0,0,0
Zoran Dragic,PHX,6,2.2,-,0,0,0,0,0,0
Dewayne Dedmon,ORL,59,14.3,-,0,0,0,0,0,0
Jeremy Evans,UTA,38,7,0,1,0,0,0,0,0
Jamaal Franklin,DEN,3,4.4,-,3,0,1,0,0,0
Kevin Garnett,MIN,5,19.6,-,2,0,0.4,0,0,0
Drew Gordon,PHI,9,7.9,-,0,0,0,0,0,0
JaMychal Green,SAS,4,6.2,-,1,0,0.2,0,0,0
Brendan Haywood,CLE,22,5.4,0,1,0,0,0,0,0
Charles Hayes,TOR,29,8.8,0,3,0,0.1,0,0,0
Chris Johnson,MIL,8,16,0,2,0,0.2,0,0,0
Andrei Kirilenko,BKN,7,5.2,0,1,0,0.1,0,0.3,0
Sean Kilpatrick,MIN,4,17.9,0,2,0,0.5,0,0.5,0
Alex Kirk,CLE,5,2.8,-,0,0,0,0,0,0
Ognjen Kuzmic,GSW,16,4.5,-,0,0,0,0,0,0
Kalin Lucas,MEM,1,5.6,-,0,0,0,0,0,0
Malcolm Lee,PHI,1,2,0,1,0,1,0,0,0
Nazr Mohammed,CHI,23,5.4,-,1,0,0,0,0,0
Kenyon Martin,MIL,10,10.2,-,0,0,0,0,0,0
Ian Mahinmi,IND,61,18.8,0,1,0,0,0,0,0
JaVale McGee,DEN,17,11.5,0,1,0,0.1,0,0.1,0
Darius Miller,NOP,5,8.7,0,1,0,0.2,0,0,0
Toure' Murry,UTA,1,1.1,-,0,0,0,0,0,0
Timofey Mozgov,CLE,46,25,-,2,0,0,0,0,0
Eric Moreland,SAC,3,0.7,-,0,0,0,0,0,0
Quincy Miller,DET,4,14.6,0,4,0,1,0,0,0
Steve Novak,TOTAL,35,5.7,-,0,0,0,0,0,0
Steve Novak,OKC,13,6.8,-,0,0,0,0,0,0
Steve Novak,UTA,22,5,-,0,0,0,0,0,0
Lucas Nogueira,TOR,6,3.9,0,1,0,0.2,0,0,0
Arinze Onuaku,MIN,6,11.4,-,0,0,0,0,0,0
Jannero Pargo,CHA,9,8.2,-,5,0,0.6,0,0.6,0
Kendrick Perkins,CLE,17,9.9,0,2,0,0.1,0,0,0
A.J. Price,PHX,5,8.7,-,5,0,1,0,1.6,0
Adreian Payne,ATL,3,6.4,0,2,0,0.7,0,0,0
Shavlik Randolph,PHX,16,6.3,0,2,0,0.1,0,0,0
Glen Rice Jr.,WAS,5,8.6,0,1,0,0.2,0,0,0
Miroslav Raduljica,MIN,5,4.6,-,0,0,0,0,0,0
Julius Randle,LAL,1,13.6,0,3,0,3,0,0,0
Greg Smith,DAL,42,8.6,-,1,0,0,0,0,0
Russ Smith,NOP,6,4.9,0,10,0,1.7,0,0.5,0
Ronny Turiaf,MIN,1,9.8,-,0,0,0,0,0,0
Marcus Thornton,PHX,9,9,0,4,0,0.4,0,0,0
Malcolm Thomas,PHI,17,11.4,-,0,0,0,0,0,0
Ekpe Udoh,LAC,33,3.9,-,0,0,0,0,0,0
Brandan Wright,BOS,8,10.7,-,0,0,0,0,0,0
David Wear,SAC,2,3.5,-,0,0,0,0,0,0
,,,,,,,,,,
,,,,,,,,,,
,,,,,,,,,,
,,,,,,,,,,
,,,,,,,,,,
Player,Team,GP,MIN per game,FG% on Drives,Total Drives,Total Player,Drives Per Game,Player PPG,Team PPG,PTS Per 48 Min
,,,,,,PTS on Drives,,on Drives,on Drives,on Drives
Monta Ellis,DAL,82,37,49.4,836,589,10.2,7.2,12.5,9.3
Kevin Durant,OKC,81,38.9,58.4,480,502,5.9,6.2,8.4,7.6
Tyreke Evans,NOP,72,28.3,44.9,743,487,10.3,6.8,11.9,11.5
LeBron James,MIA,77,38,63.3,569,474,7.4,6.2,9.7,7.8
Damian Lillard,POR,82,36,40.2,634,464,7.7,5.7,8.7,7.5
Ramon Sessions,TOTAL,83,26.8,47.1,610,450,7.3,5.4,8.5,9.7
Jeff Teague,ATL,78,32.4,41.7,797,434,10.2,5.6,11,8.3
Tony Parker,SAS,68,29.5,52.7,705,429,10.4,6.3,11.9,10.3
Tony Wroten,PHI,72,24.6,42.3,559,422,7.8,5.9,8.2,11.4
Michael Carter-Williams,PHI,70,34.6,37.7,697,407,10,5.8,10.6,8.1
Goran Dragic,PHX,76,35.4,51.6,728,405,9.6,5.3,11.1,7.2
Isaiah Thomas,SAC,71,34.9,52,600,392,8.5,5.5,9.9,7.6
James Harden,HOU,73,38.3,48.6,492,391,6.7,5.4,8.4,6.7
Victor Oladipo,ORL,80,31.2,42.9,513,382,6.4,4.8,6.9,7.3
DeMar DeRozan,TOR,78,38.4,49.4,559,379,7.2,4.9,8.7,6.1
Reggie Jackson,OKC,80,28.7,47.7,506,370,6.3,4.6,7.6,7.7
Alec Burks,UTA,78,28.2,47.5,431,361,5.5,4.6,6.8,7.9
Evan Turner,TOTAL,81,30.4,49.1,441,356,5.4,4.4,6.1,6.9
Brandon Knight,MIL,72,33.5,47.3,497,355,6.9,4.9,7.9,7.1
Mike Conley,MEM,73,33.7,47.9,549,352,7.5,4.8,8.3,6.9
Ty Lawson,DEN,62,36.1,49.3,666,344,10.7,5.5,12.3,7.4
Rudy Gay,TOTAL,72,34.8,44.9,370,329,5.1,4.6,6.1,6.3
John Wall,WAS,81,36.6,49.1,523,329,6.5,4.1,7.8,5.3
Kyrie Irving,CLE,71,35.3,46.2,469,325,6.6,4.6,7.5,6.2
Stephen Curry,GSW,77,36.7,50.9,465,322,6,4.2,7.3,5.5
Chandler Parsons,HOU,74,37.8,48.9,469,314,6.3,4.2,7.6,5.4
Kyle Lowry,TOR,78,36.4,48.8,506,309,6.5,4,8,5.2
Ricky Rubio,MIN,82,32.4,42.5,693,297,8.5,3.6,9.5,5.4
Jeremy Lin,HOU,71,29.1,49.5,518,295,7.3,4.2,7.7,6.8
Mario Chalmers,MIA,73,30,53.6,513,290,7,4,8.4,6.4
Jeff Green,BOS,82,34.5,48.1,323,288,3.9,3.5,4.6,4.9
Eric Gordon,NOP,64,32.3,48.7,356,286,5.6,4.5,6.4,6.6
Ramon Sessions,CHA,55,23.8,46.8,380,284,6.9,5.2,7.5,10.4
Dion Waiters,CLE,70,29.9,40.7,515,279,7.4,4,7.1,6.4
Rodney Stuckey,DET,73,26.9,46.3,285,278,3.9,3.8,4.6,6.8
Evan Turner,PHI,54,35,48.3,337,272,6.2,5,6.9,6.9
Kemba Walker,CHA,72,36,38.9,443,272,6.2,3.8,6.9,5
Austin Rivers,NOP,69,19.5,42.4,370,269,5.4,3.9,5.8,9.6
Lance Stephenson,IND,78,35.4,57,344,266,4.4,3.4,5.2,4.6
Rudy Gay,SAC,55,34.6,50.9,255,255,4.6,4.6,6,6.4
Paul George,IND,80,36.4,44.8,341,250,4.3,3.1,5.2,4.1
Jose Juan Barea,MIN,79,18.7,41.8,447,245,5.7,3.1,6.1,8
Eric Bledsoe,PHX,43,33,52.7,338,245,7.9,5.7,8.9,8.3
Brandon Jennings,DET,80,34.4,36.9,463,242,5.8,3,6.6,4.2
Dwyane Wade,MIA,54,33.1,54.3,371,238,6.9,4.4,8.2,6.4
Manu Ginobili,SAS,68,23,61.6,294,228,4.3,3.4,5.5,7
Joe Johnson,BKN,78,32.7,48.6,283,220,3.6,2.8,4.3,4.1
Vince Carter,DAL,81,24.4,49,282,216,3.5,2.7,4.2,5.2
Gordon Hayward,UTA,77,36.5,40.1,423,214,5.5,2.8,6.1,3.7
Jordan Crawford,TOTAL,81,23.1,44.4,316,207,3.9,2.6,4.5,5.3
Jameer Nelson,ORL,68,32.2,48.8,510,204,7.5,3,8,4.5
Chris Paul,LAC,62,35.3,51.6,345,204,5.6,3.3,6.4,4.5
Deron Williams,BKN,64,32.3,50.3,362,204,5.7,3.2,5.9,4.7
Paul Pierce,BKN,74,28.1,52.5,303,200,4.1,2.7,4.2,4.6
Greivis Vasquez,TOTAL,78,22.7,43.4,288,199,3.7,2.6,4.2,5.4
Russell Westbrook,OKC,46,31,39,305,198,6.6,4.3,7.6,6.7
Shaun Livingston,BKN,75,26.1,40.4,310,195,4.1,2.6,4.6,4.8
Aaron Brooks,TOTAL,72,21.8,41.8,370,192,5.1,2.7,5.8,5.9
Josh Smith,DET,77,35.7,43,290,190,3.8,2.5,4.3,3.3
Darren Collison,LAC,80,26.1,51.6,278,189,3.5,2.4,4.2,4.4
Will Bynum,DET,56,18.9,44.7,357,185,6.4,3.3,7.2,8.4
Carmelo Anthony,NYK,77,38.9,47.2,204,181,2.6,2.4,3.4,2.9
Wilson Chandler,DEN,62,31.2,47.6,246,177,4,2.9,4.6,4.4
Raymond Felton,NYK,65,31.2,41,343,175,5.3,2.7,5.6,4.1
Jamal Crawford,LAC,69,30.6,41.4,194,168,2.8,2.4,3.4,3.8
D.J. Augustin,TOTAL,70,27.6,41.9,342,166,4.9,2.4,5.8,4.1
J.R. Smith,NYK,74,32.9,50,237,166,3.2,2.2,4,3.3
Ramon Sessions,MIL,28,32.7,47.8,230,166,8.2,5.9,10.3,8.7
Jrue Holiday,NOP,34,33.8,45.6,275,165,8.1,4.9,9.5,6.9
Richard Jefferson,UTA,82,27.1,56,221,163,2.7,2,3.5,3.5
D.J. Augustin,CHI,61,30.5,42.3,329,162,5.4,2.7,6.3,4.2
George Hill,IND,76,32.2,54.1,206,160,2.7,2.1,3.5,3.1
Jarrett Jack,CLE,80,28.3,52.7,239,160,3,2,3.2,3.4
Paul Millsap,ATL,73,33.7,41.1,294,159,4,2.2,3.9,3.1
Terrence Jones,HOU,76,27.5,44.2,202,158,2.7,2.1,2.9,3.6
Gerald Henderson,CHA,76,32.2,44,228,157,3,2.1,3.2,3.1
Randy Foye,DEN,81,30.9,44,259,156,3.2,1.9,3.6,3
Harrison Barnes,GSW,77,28.3,38,223,155,2.9,2,3.1,3.4
Nick Young,LAL,64,28.5,42.5,206,153,3.2,2.4,3.6,4
DeMarcus Cousins,SAC,70,32.8,40.7,226,150,3.2,2.1,3.5,3.1
Greivis Vasquez,TOR,61,21.6,41.7,224,150,3.7,2.5,4.1,5.5
Jodie Meeks,LAL,77,33.4,43.5,204,148,2.6,1.9,3,2.8
Corey Brewer,MIN,81,32.4,45.2,195,146,2.4,1.8,2.8,2.7
Klay Thompson,GSW,80,35.6,46.3,223,146,2.8,1.8,3.3,2.5
Gerald Green,PHX,82,28.5,52.1,193,145,2.4,1.8,2.9,3
Arron Afflalo,ORL,73,35.1,39.8,223,142,3.1,1.9,3.7,2.7
Evan Fournier,DEN,76,20,47.5,218,141,2.9,1.9,3.4,4.5
Shelvin Mack,ATL,72,20.5,46.9,281,139,3.9,1.9,4.5,4.5
Nate Wolters,MIL,57,22.4,42.5,240,139,4.2,2.4,4.7,5.2
Wesley Matthews,POR,82,34.1,45.2,194,136,2.4,1.7,2.8,2.3
Trey Burke,UTA,70,32.4,37.8,341,135,4.9,1.9,5.2,2.9
Jordan Crawford,BOS,39,31,44.8,201,135,5.2,3.5,6.3,5.4
Kevin Martin,MIN,68,32.1,34.1,191,135,2.8,2,3.2,3
Brian Roberts,NOP,72,23.3,42.9,209,134,2.9,1.9,3.3,3.8
Alan Anderson,BKN,77,22.8,48.5,183,133,2.4,1.7,2.5,3.6
Nicolas Batum,POR,82,36.2,63.9,147,133,1.8,1.6,2.4,2.1
Thaddeus Young,PHI,79,34.5,37.1,230,133,2.9,1.7,2.8,2.3
Xavier Henry,LAL,43,21.2,40.8,178,132,4.1,3.1,4.3,6.9
Luol Deng,TOTAL,63,35.3,40.7,189,131,3,2.1,3.8,2.8
Louis Williams,ATL,59,24.2,50.6,173,130,2.9,2.2,3.9,4.4
Rajon Rondo,BOS,30,33.6,42.2,285,129,9.5,4.3,11.1,6.2
Bradley Beal,WAS,72,34.7,46,229,128,3.2,1.8,3.7,2.5
Blake Griffin,LAC,80,36.1,51.9,162,128,2,1.6,2.5,2.1
Greg Monroe,DET,82,33.1,44.9,132,125,1.6,1.5,2,2.2
Ish Smith,PHX,70,14.5,42.2,257,123,3.7,1.8,4,5.8
James Anderson,PHI,80,28.9,47.7,204,121,2.6,1.5,2.4,2.5
Tobias Harris,ORL,61,30.5,46.4,136,121,2.2,2,2.8,3.1
Trevor Ariza,WAS,76,35.6,47.7,206,118,2.7,1.6,2.7,2.1
Boris Diaw,SAS,79,25.2,58.9,172,118,2.2,1.5,2.7,2.8
Kendall Marshall,LAL,54,29.1,47,253,118,4.7,2.2,4.9,3.6
Norris Cole,MIA,82,24.8,37.6,335,116,4.1,1.4,4.1,2.7
James Johnson,MEM,52,18.5,48.8,181,116,3.5,2.2,4,5.8
David Lee,GSW,68,33.3,47.3,143,116,2.1,1.7,2.6,2.5
Patrick Beverley,HOU,56,31.5,39.1,240,115,4.3,2.1,4.6,3.1
Jimmy Butler,CHI,67,38.7,33.3,199,112,3,1.7,3.6,2.1
Kent Bazemore,TOTAL,67,13.7,44.6,166,111,2.5,1.7,2.7,5.8
Andre Miller,TOTAL,57,17,45.7,169,111,3,1.9,3.5,5.5
Aaron Brooks,DEN,29,29.2,44.6,209,110,7.2,3.8,8.6,6.2
Devin Harris,DAL,40,20.5,39.5,194,109,4.9,2.7,5.6,6.4
Nick Calathes,MEM,71,16.6,46.7,234,108,3.3,1.5,4,4.4
Kawhi Leonard,SAS,66,29.3,54.4,172,107,2.6,1.6,3.1,2.7
Mo Williams,POR,74,24.9,44,249,107,3.4,1.4,3.9,2.8
Kirk Hinrich,CHI,73,29.1,37.9,223,106,3.1,1.5,3.4,2.4
Courtney Lee,TOTAL,79,25.1,45.2,119,101,1.5,1.3,1.8,2.4
Gary Neal,TOTAL,51,21.4,51.5,117,97,2.3,1.9,2.6,4.3
Cody Zeller,CHA,81,17.4,39.7,128,97,1.6,1.2,1.7,3.3
Cory Joseph,SAS,68,13.9,47.8,149,96,2.2,1.4,2.7,4.9
E'Twaun Moore,ORL,79,19.1,38.2,161,96,2,1.2,2.3,3
Tony Allen,MEM,55,23.3,49.4,151,95,2.7,1.7,3.1,3.6
Terrence Ross,TOR,80,26.8,46.4,137,94,1.7,1.2,1.9,2.1
Jerryd Bayless,TOTAL,72,23.6,42.5,181,91,2.5,1.3,2.6,2.6
Michael Beasley,MIA,55,15.3,55.1,98,91,1.8,1.7,2.2,5.2
Joakim Noah,CHI,80,35.4,40.4,152,91,1.9,1.1,1.7,1.5
Nate Robinson,DEN,44,19.8,43.2,140,90,3.2,2,3.9,5
Ray Allen,MIA,73,26.8,57.8,181,89,2.5,1.2,3,2.2
Andray Blatche,BKN,72,22.1,48.3,113,89,1.6,1.2,1.9,2.7
Kyle Singler,DET,82,28.7,45.6,113,88,1.4,1.1,1.5,1.8
Elliot Williams,PHI,67,17.4,40.5,139,88,2.1,1.3,2,3.6
Tim Hardaway Jr.,NYK,81,23.3,43.1,101,87,1.2,1.1,1.4,2.2
Maurice Harkless,ORL,80,24.5,30.2,160,87,2,1.1,1.8,2.1
Giannis Antetokounmpo,MIL,76,24.9,31.2,181,86,2.4,1.1,2.5,2.2
Josh McRoberts,CHA,77,30.4,46.1,161,86,2.1,1.1,2.2,1.8
Al-Farouq Aminu,NOP,80,25.7,47.6,130,85,1.6,1.1,1.8,2
Avery Bradley,BOS,60,31.2,38.9,127,85,2.1,1.4,2.3,2.2
Jeremy Lamb,OKC,78,19.9,39.1,127,85,1.6,1.1,1.8,2.6
Chris Bosh,MIA,79,32.3,43.4,106,84,1.3,1.1,1.5,1.6
Evan Turner,IND,27,21.2,51.5,104,84,3.9,3.1,4.6,7
Marcus Thornton,TOTAL,71,24.3,37.2,115,84,1.6,1.2,1.7,2.3
Dennis Schroder,ATL,48,13,42.5,174,83,3.6,1.7,4,6.4
Aaron Brooks,HOU,43,16.8,38.6,161,82,3.7,1.9,3.9,5.5
Luol Deng,CLE,40,34,41.1,120,81,3,2,3.7,2.9
Kent Bazemore,LAL,23,28.2,39.4,128,80,5.6,3.5,5.9,5.9
PJ Tucker,PHX,81,30.9,42.9,130,80,1.6,1,1.9,1.5
Mike Dunleavy,CHI,82,31.7,38.8,127,79,1.5,1,1.7,1.5
Ryan Kelly,LAL,59,22.4,45.5,89,79,1.5,1.3,1.6,2.9
Ben McLemore,SAC,81,27,24.4,154,79,1.9,1,2,1.7
Anthony Davis,NOP,67,35.4,42.6,87,78,1.3,1.2,1.4,1.6
Derrick Williams,TOTAL,77,23.5,40.4,89,77,1.2,1,1.2,2
Omri Casspi,HOU,71,18.2,42.2,127,76,1.8,1.1,1.8,2.8
Michael Kidd-Gilchrist,CHA,61,24.1,44.4,106,76,1.7,1.2,1.8,2.5
Khris Middleton,MIL,81,30.3,32.5,163,76,2,0.9,2,1.5
Courtney Lee,MEM,49,30.1,45,86,75,1.8,1.5,2.1,2.4
Markieff Morris,PHX,81,26.7,56.5,87,75,1.1,0.9,1.3,1.7
Derrick Williams,SAC,66,24.9,42.6,85,75,1.3,1.1,1.4,2.2
Marco Belinelli,SAS,80,25.4,44.1,112,74,1.4,0.9,1.5,1.7
Rudy Gay,TOR,17,35.6,32.9,115,74,6.8,4.4,6.4,5.9
Alexey Shved,MIN,63,10.6,32.8,135,73,2.1,1.2,2.2,5.2
Jordan Crawford,GSW,42,15.8,43.9,115,72,2.7,1.7,2.8,5.2
Matt Barnes,LAC,63,27.8,49.1,106,71,1.7,1.1,1.9,1.9
Archie Goodwin,PHX,52,10.3,42.1,96,70,1.8,1.3,1.9,6.3
Jordan Hamilton,TOTAL,60,17.1,38.6,123,70,2.1,1.2,2.1,3.3
Kelly Olynyk,BOS,70,20.2,52,82,70,1.2,1,1.4,2.4
DeMarre Carroll,ATL,73,32.3,39.1,112,69,1.5,0.9,1.6,1.4
Spencer Hawes,TOTAL,80,31,36.8,117,69,1.5,0.9,1.4,1.3
Andrea Bargnani,NYK,42,30.1,47.9,79,68,1.9,1.6,2.3,2.6
Iman Shumpert,NYK,74,26.6,47.4,114,68,1.5,0.9,1.6,1.7
Jordan Farmar,LAL,41,22.4,37.3,168,66,4.1,1.6,4,3.5
Andre Iguodala,GSW,63,32.5,44.9,141,66,2.2,1,2.7,1.5
Gary Neal,CHA,22,23.1,55.3,66,66,3,3,3.8,6.2
David West,IND,80,31,44.4,80,65,1,0.8,1.3,1.3
Kevin Love,MIN,77,36.5,50,80,64,1,0.8,1.3,1.1
CJ Miles,CLE,51,19.3,43.6,72,63,1.4,1.2,1.9,3.1
O.J. Mayo,MIL,51,25.9,38.8,111,63,2.2,1.2,2.2,2.3
Patty Mills,SAS,81,19,48.3,93,62,1.1,0.8,1.3,1.9
Alonzo Gee,CLE,65,15.7,40.7,111,61,1.7,0.9,1.7,2.9
Andre Miller,DEN,30,19.1,44,91,61,3,2,3.5,5.1
Anthony Morrow,NOP,76,18.9,46.4,77,61,1,0.8,1.2,2
Marvin Williams,UTA,66,25.5,33.3,96,61,1.5,0.9,1.7,1.7
Tony Snell,CHI,77,16,40.7,80,60,1,0.8,1.2,2.3
Hollis Thompson,PHI,77,22.7,53.3,104,59,1.4,0.8,1.5,1.6
MarShon Brooks,TOTAL,35,9.1,48.9,76,58,2.2,1.7,2.3,8.7
Mike Miller,MEM,82,21,58.5,103,58,1.3,0.7,1.4,1.6
Marquis Teague,TOTAL,40,11.1,39.2,106,58,2.7,1.5,3,6.3
Jared Sullinger,BOS,74,27.8,34.3,93,57,1.3,0.8,1.1,1.3
Al Harrington,WAS,33,15.1,52.6,57,56,1.7,1.7,2.2,5.4
Leandro Barbosa,PHX,20,18.5,46.7,77,55,3.9,2.8,4.2,7.1
Jose Calderon,DAL,81,30.6,45.5,193,55,2.4,0.7,2.8,1.1
Marreese Speights,GSW,78,12.6,51.3,54,54,0.7,0.7,0.9,2.6
Martell Webster,WAS,77,27.8,50,76,54,1,0.7,1.1,1.2
Glen Davis,TOTAL,68,24.6,38.3,76,52,1.1,0.8,1.2,1.5
Diante Garrett,UTA,71,14.8,37.5,129,52,1.8,0.7,1.8,2.4
Jerryd Bayless,BOS,41,25.5,41.3,117,51,2.9,1.2,3,2.3
Earl Clark,TOTAL,54,14.3,45.2,61,51,1.1,0.9,1.3,3.2
Francisco Garcia,HOU,55,19.8,52.2,81,51,1.5,0.9,1.6,2.3
Ray McCallum,SAC,45,20,35,103,51,2.3,1.1,2.6,2.7
Mirza Teletovic,BKN,71,19.4,46.2,83,51,1.2,0.7,1.3,1.8
Luol Deng,CHI,23,37.5,40,69,50,3,2.2,4,2.8
Pau Gasol,LAL,60,31.6,55.3,54,50,0.9,0.8,1.1,1.3
Draymond Green,GSW,81,22.1,31,106,50,1.3,0.6,1.2,1.3
Amir Johnson,TOR,76,28.8,46.5,71,50,0.9,0.7,1.1,1.1
Andre Miller,WAS,27,14.7,47.7,78,50,2.9,1.9,3.4,6.1
MarShon Brooks,LAL,18,12.7,58.8,55,49,3.1,2.7,3.6,10.3
Greivis Vasquez,SAC,17,26.7,48.9,64,49,3.8,2.9,4.6,5.2
Derrick Rose,CHI,10,31,38,71,48,7.1,4.8,8.5,7.4
Quincy Miller,DEN,52,15.3,39,70,47,1.3,0.9,1.5,2.8
Glen Davis,ORL,45,30.2,38.1,70,46,1.6,1,1.7,1.6
Jimmer Fredette,TOTAL,49,10.7,44.2,88,46,1.8,0.9,2.1,4.2
Jordan Hamilton,DEN,39,17.3,41.9,74,45,1.9,1.2,2.2,3.2
Phil Pressey,BOS,75,15.2,34.7,163,45,2.2,0.6,2.3,1.9
Chris Douglas-Roberts,CHA,48,20.9,46.9,56,44,1.2,0.9,1.4,2.1
Jimmer Fredette,SAC,41,11.4,43.9,82,44,2,1.1,2.3,4.5
LaMarcus Aldridge,POR,69,36.4,45.2,64,43,0.9,0.6,1.1,0.8
Tyshawn Taylor,BKN,22,12,37.8,69,43,3.1,2,3,7.8
Brandon Bass,BOS,82,27.9,28,88,42,1.1,0.5,1.1,0.9
Marcus Morris,PHX,82,22.1,30,80,42,1,0.5,0.8,1.1
Marcus Thornton,BKN,26,23.9,31.6,55,42,2.1,1.6,2,3.2
Marcus Thornton,SAC,45,24.4,42.5,60,42,1.3,0.9,1.6,1.8
Gerald Wallace,BOS,58,24.6,46.7,82,42,1.4,0.7,1.5,1.4
Serge Ibaka,OKC,81,33.2,45.5,63,41,0.8,0.5,0.8,0.7
John Salmons,TOTAL,77,22.2,26.5,148,41,1.9,0.5,1.6,1.2
Tristan Thompson,CLE,82,31.8,31.8,65,41,0.8,0.5,0.8,0.8
Jerryd Bayless,MEM,31,21.1,44.1,64,40,2.1,1.3,2.1,2.9
Willie Green,LAC,55,15.9,43.2,65,40,1.2,0.7,1.3,2.2
Shane Larkin,DAL,48,10.2,41.7,82,40,1.7,0.8,1.8,3.9
Kentavious Caldwell-Pope,DET,80,19.9,41,51,39,0.6,0.5,0.7,1.2
Danny Green,SAS,68,24.4,47.1,79,39,1.2,0.6,1.1,1.1
Steve Blake,TOTAL,55,27.4,43.2,204,38,3.7,0.7,4.2,1.2
Earl Clark,CLE,45,15.6,44.4,51,38,1.1,0.8,1.1,2.6
Beno Udrih,TOTAL,41,15.8,46.9,98,38,2.4,0.9,2.6,2.8
Danny Granger,TOTAL,41,20.8,28.1,73,37,1.8,0.9,1.8,2.1
Luc Mbah a Moute,TOTAL,64,15.7,43.8,50,37,0.8,0.6,0.8,1.8
Luke Ridnour,TOTAL,60,18.9,37,98,37,1.6,0.6,1.9,1.6
Anderson Varejao,CLE,65,27.9,50,53,37,0.8,0.6,1,1
CJ Watson,IND,63,19,28.2,97,37,1.5,0.6,1.6,1.5
Steve Blake,LAL,27,33.2,44.1,153,36,5.7,1.3,6.8,1.9
Matthew Dellavedova,CLE,72,17.8,35.4,136,36,1.9,0.5,2,1.4
Kenneth Faried,DEN,80,27.4,44.7,54,36,0.7,0.5,0.8,0.8
Spencer Hawes,CLE,27,29.9,37.8,57,36,2.1,1.3,2.2,2.1
Marquis Teague,BKN,21,9.6,57.1,58,36,2.8,1.7,3.4,8.6
Ersan Ilyasova,MIL,54,27.1,26.7,67,35,1.2,0.6,1.1,1.1
JJ Redick,LAC,35,28.4,29,70,35,2,1,1.8,1.7
Zach Randolph,MEM,79,34.4,48.3,44,34,0.6,0.4,0.6,0.6
Thabo Sefolosha,OKC,61,26.2,35.1,88,34,1.4,0.6,1.3,1
Spencer Hawes,PHI,53,31.5,35.9,60,33,1.1,0.6,1,0.9
Luc Mbah a Moute,MIN,55,14.7,48,42,33,0.8,0.6,0.8,2
Luke Ridnour,MIL,36,21.3,38.5,72,33,2,0.9,2,2.1
Jeff Taylor,CHA,26,24.4,42.4,52,33,2,1.3,2.2,2.5
Jae Crowder,DAL,78,16.1,52.6,44,32,0.6,0.4,0.7,1.2
CJ McCollum,POR,38,12.6,43.3,55,32,1.4,0.8,1.7,3.2
Donald Sloan,IND,48,8.2,38.1,65,32,1.4,0.7,1.1,3.9
Beno Udrih,NYK,31,19.1,46.4,81,32,2.6,1,2.8,2.6
Kent Bazemore,GSW,44,6.1,61.9,38,31,0.9,0.7,1.1,5.5
Nando De Colo,TOTAL,47,10.6,41.4,75,31,1.6,0.7,1.7,3
Derek Fisher,OKC,81,17.8,35.7,65,31,0.8,0.4,0.9,1
Perry Jones,OKC,62,12.4,50,30,31,0.5,0.5,0.6,1.9
Gary Neal,MIL,29,20.1,46.4,51,31,1.8,1.1,1.7,2.6
Dorell Wright,POR,68,14.6,50,53,31,0.8,0.5,0.9,1.5
Andrew Bogut,GSW,66,26.6,56,38,30,0.6,0.5,0.7,0.8
Danny Granger,IND,29,22.7,26.9,58,30,2,1,2,2.2
Jon Leuer,MEM,49,13.2,44,40,30,0.8,0.6,0.9,2.2
Shawn Marion,DAL,76,31.8,29.3,65,30,0.9,0.4,0.8,0.6
Dirk Nowitzki,DAL,80,33,55,33,30,0.4,0.4,0.5,0.5
John Salmons,TOR,60,21.4,25.8,111,30,1.9,0.5,1.6,1.1
Luis Scola,IND,82,17.1,37.5,53,30,0.6,0.4,0.6,1
Rashard Lewis,MIA,60,16.3,44.8,54,29,0.9,0.5,1,1.4
Chase Budinger,MIN,41,18.4,40,42,28,1,0.7,1.1,1.8
Chris Copeland,IND,41,6.5,52.4,30,28,0.7,0.7,0.9,5
Isaiah Canaan,HOU,22,11.4,42.1,45,28,2,1.3,2.6,5.4
Enes Kanter,UTA,80,26.8,44,40,28,0.5,0.4,0.6,0.6
Anthony Randolph,DEN,43,12.3,52.9,28,28,0.7,0.7,0.9,2.5
Jonas Jerebko,DET,64,11.7,50,44,27,0.7,0.4,0.7,1.7
Andrei Kirilenko,BKN,44,19,50,45,27,1,0.6,1.3,1.5
Chris Kaman,LAL,39,19,47.8,40,27,1,0.7,0.9,1.7
Amar'e Stoudemire,NYK,65,22.7,58.8,24,27,0.4,0.4,0.5,0.9
Nene,WAS,53,29.6,52.6,40,26,0.8,0.5,0.8,0.8
Courtney Lee,BOS,30,16.9,45.8,33,26,1.1,0.9,1.2,2.5
Darius Morris,TOTAL,27,11.7,50,50,26,1.9,1,1.6,4
Ben Gordon,CHA,19,14.8,47.4,33,25,1.7,1.3,2.4,4.3
Jordan Hamilton,HOU,21,16.7,33.3,49,25,2.3,1.2,2,3.4
Darius Miller,NOP,45,16.2,57.9,34,25,0.8,0.6,0.9,1.6
Toure Murry,NYK,51,7.4,32.3,55,25,1.1,0.5,1.2,3.2
Matt Bonner,SAS,61,11.4,41.7,39,24,0.6,0.4,0.7,1.7
Tim Duncan,SAS,74,29.3,37.5,35,24,0.5,0.3,0.5,0.5
Channing Frye,PHX,82,28.3,46.2,40,24,0.5,0.3,0.5,0.5
Gal Mekel,DAL,31,9.5,33.3,76,24,2.5,0.8,2.4,3.9
Tayshaun Prince,MEM,76,25.7,32.1,43,24,0.6,0.3,0.6,0.6
Garrett Temple,WAS,74,8.7,44.4,33,24,0.4,0.3,0.4,1.8
Caron Butler,TOTAL,55,25.5,45.8,48,23,0.9,0.4,0.9,0.8
Luke Babbitt,NOP,27,17.6,45.5,46,23,1.7,0.9,1.9,2.3
Toney Douglas,TOTAL,51,13.3,30.4,76,23,1.5,0.5,1.3,1.6
Toney Douglas,MIA,27,15.3,31.8,65,23,2.4,0.9,2.1,2.7
Kris Humphries,BOS,69,20.1,22.2,38,23,0.6,0.3,0.6,0.8
Travis Outlaw,SAC,63,17,40.9,41,23,0.7,0.4,0.7,1
Ryan Anderson,NOP,22,36.4,44.4,24,22,1.1,1,1.5,1.3
Will Barton,POR,41,9.5,31.3,48,22,1.2,0.5,1.2,2.7
Jared Dudley,LAC,74,23.5,36.4,64,22,0.9,0.3,0.8,0.6
Landry Fields,TOR,29,10.2,40.9,35,22,1.2,0.8,1.2,3.6
Darius Morris,PHI,12,16.2,52.9,37,22,3.1,1.8,2.7,5.4
Marquis Teague,CHI,19,12.8,26.7,48,22,2.5,1.2,2.5,4.3
Caron Butler,MIL,33,24.3,52.6,38,21,1.2,0.6,1.2,1.3
JJ Hickson,DEN,69,27.1,30.8,53,21,0.8,0.3,0.6,0.5
Orlando Johnson,TOTAL,45,8.8,26.9,40,21,0.9,0.5,0.8,2.6
Orlando Johnson,IND,38,9.1,33.3,32,21,0.8,0.6,0.8,2.9
Pablo Prigioni,NYK,66,19.5,46.7,66,21,1,0.3,1.3,0.8
Metta World Peace,NYK,29,13.4,53.3,28,21,1,0.7,1.1,2.6
Nick Collison,OKC,81,16.8,60,25,20,0.3,0.2,0.4,0.7
Wesley Johnson,LAL,79,28.5,22.7,39,20,0.5,0.3,0.4,0.4
Peyton Siva,DET,24,9.4,30,54,20,2.3,0.8,2.4,4.2
Shane Battier,MIA,73,20.2,39.1,49,19,0.7,0.3,0.6,0.6
Trevor Booker,WAS,71,21.6,52.9,27,19,0.4,0.3,0.3,0.6
Lorenzo Brown,PHI,26,8.7,35,36,19,1.4,0.7,1.7,4
Jordan Hill,LAL,72,20.9,66.7,19,19,0.3,0.3,0.4,0.6
Cartier Martin,TOTAL,59,14.7,17.6,31,19,0.5,0.3,0.4,1
Cartier Martin,ATL,53,15.5,17.6,31,19,0.6,0.4,0.5,1.1
Donatas Motiejunas,HOU,62,15.5,47.1,32,19,0.5,0.3,0.7,1
Andrew Nicholson,ORL,76,15.5,57.1,17,19,0.2,0.3,0.3,0.8
Jeff Adrien,TOTAL,53,18.2,45.5,25,18,0.5,0.3,0.6,0.9
Carlos Boozer,CHI,76,28.3,41.2,26,18,0.3,0.2,0.3,0.4
Anthony Bennett,CLE,52,12.8,46.2,23,18,0.4,0.3,0.4,1.3
Al Horford,ATL,29,33.1,58.3,22,18,0.8,0.6,0.8,0.9
Kyle O'Quinn,ORL,69,17.3,70,25,18,0.4,0.3,0.4,0.7
Patrick Patterson,TOTAL,64,23.7,40,35,18,0.5,0.3,0.6,0.6
Thomas Robinson,POR,70,12.5,25,43,18,0.6,0.3,0.5,1
Tornike Shengelia,TOTAL,25,5.9,61.5,24,18,1,0.7,1,5.8
Nando De Colo,SAS,26,11.7,37.5,41,17,1.6,0.7,1.6,2.7
Dwight Howard,HOU,71,34,42.9,22,17,0.3,0.2,0.4,0.3
Jason Smith,NOP,31,26.8,50,22,17,0.7,0.5,0.8,1
Jeff Adrien,MIL,28,25.3,40,23,16,0.8,0.6,1,1.1
Doron Lamb,ORL,53,13.2,35.3,25,16,0.5,0.3,0.6,1.1
Steve Nash,LAL,15,21,41.2,66,16,4.4,1.1,4.6,2.4
Ronnie Price,ORL,31,12.2,37.5,40,16,1.3,0.5,1.2,2
Patrick Patterson,TOR,48,23.4,41.2,29,16,0.6,0.3,0.8,0.7
Mason Plumlee,BKN,69,18.5,66.7,24,16,0.3,0.2,0.5,0.6
Mike Scott,ATL,79,18.5,21.4,48,16,0.6,0.2,0.4,0.5
Tornike Shengelia,BKN,16,8.2,70,18,16,1.1,1,1.3,5.9
Nikola Vucevic,ORL,57,31.9,43.8,27,16,0.5,0.3,0.4,0.4
Jonas Valanciunas,TOR,80,28.4,50,19,16,0.2,0.2,0.3,0.3
Brandan Wright,DAL,58,18.7,61.5,15,16,0.3,0.3,0.4,0.7
Dante Cunningham,MIN,81,20.3,77.8,16,15,0.2,0.2,0.2,0.4
Kyle Korver,ATL,70,34.2,38.9,41,15,0.6,0.2,0.7,0.3
Eric Maynor,TOTAL,31,10.6,26.3,41,15,1.3,0.5,0.8,2.2
Miles Plumlee,PHX,80,24.7,77.8,12,15,0.2,0.2,0.2,0.4
Anthony Tolliver,CHA,63,20.5,50,19,15,0.3,0.2,0.3,0.6
Elton Brand,ATL,72,19.5,66.7,22,14,0.3,0.2,0.3,0.5
Ian Clark,UTA,23,7.5,50,18,14,0.8,0.6,0.8,3.9
Nando De Colo,TOR,21,9.2,46.2,34,14,1.6,0.7,1.9,3.5
Derrick Favors,UTA,73,30.3,66.7,13,14,0.2,0.2,0.2,0.3
Drew Gooden,WAS,21,17.9,54.5,18,14,0.9,0.7,1,1.8
John Lucas III,UTA,42,14.1,25.9,44,14,1,0.3,0.9,1.1
Brook Lopez,BKN,17,31.5,62.5,10,14,0.6,0.8,1.2,1.3
Charlie Villanueva,DET,20,9,55.6,14,14,0.7,0.7,1,3.7
Jeff Withey,NOP,58,11.9,50,14,14,0.2,0.2,0.3,1
Alexis Ajinca,NOP,56,17.1,50,14,13,0.3,0.2,0.3,0.7
Kobe Bryant,LAL,6,29.6,54.5,26,13,4.3,2.2,5.5,3.5
Shannon Brown,TOTAL,29,8.7,30,22,13,0.8,0.4,0.8,2.5
Tyson Chandler,NYK,55,30.4,55.6,19,13,0.3,0.2,0.3,0.4
Earl Clark,NYK,9,7.9,50,10,13,1.1,1.4,1.9,8.8
Marcin Gortat,WAS,80,32.9,46.2,24,13,0.3,0.2,0.3,0.2
John Henson,MIL,69,26.7,30,24,13,0.3,0.2,0.3,0.3
Al Jefferson,CHA,72,35.2,46.2,17,13,0.2,0.2,0.3,0.2
Chris Johnson,BOS,40,19.9,22.2,19,13,0.5,0.3,0.7,0.8
Brandon Rush,UTA,38,11.1,38.5,24,13,0.6,0.3,0.6,1.5
Pero Antic,ATL,49,18.5,23.5,37,12,0.8,0.2,0.8,0.6
Antawn Jamison,LAC,22,11.3,44.4,13,12,0.6,0.5,0.6,2.3
Shabazz Muhammad,MIN,37,7.9,30.8,18,12,0.5,0.3,0.6,2
Kendrick Perkins,OKC,62,19.6,50,16,12,0.3,0.2,0.3,0.5
Jason Terry,BKN,34,16.1,33.3,44,12,1.3,0.4,1.2,1.1
Jason Thompson,SAC,81,24.5,57.1,18,12,0.2,0.1,0.2,0.3
Casper Ware,PHI,9,13,62.5,13,12,1.4,1.3,2,4.9
Tyler Zeller,CLE,70,15.1,37.5,15,12,0.2,0.2,0.3,0.5
Marc Gasol,MEM,59,33.5,41.7,18,11,0.3,0.2,0.3,0.3
Quincy Pondexter,MEM,15,18.1,36.4,21,11,1.4,0.7,1.5,1.9
Andre Roberson,OKC,40,10,42.9,13,11,0.3,0.3,0.3,1.3
John Salmons,SAC,17,24.8,27.8,37,11,2.2,0.6,1.5,1.3
Henry Sims,TOTAL,46,19.1,55.6,13,11,0.3,0.2,0.4,0.6
Henry Sims,PHI,26,27.3,62.5,12,11,0.5,0.4,0.7,0.7
Robin Lopez,POR,82,31.9,80,8,10,0.1,0.1,0.2,0.2
Chris Singleton,WAS,25,10,25,14,10,0.6,0.4,0.5,1.9
Quincy Acy,TOTAL,63,13.5,44.4,17,9,0.3,0.1,0.2,0.5
Quincy Acy,SAC,56,14.1,50,14,9,0.3,0.2,0.2,0.5
Dwight Buycks,TOR,14,10.5,27.3,26,9,1.9,0.6,2.1,2.9
Austin Daye,TOTAL,22,6.8,37.5,16,9,0.7,0.4,0.9,2.9
Manny Harris,LAL,9,20.1,12.5,28,9,3.1,1,2.1,2.4
Zaza Pachulia,MIL,52,25.3,0,16,9,0.3,0.2,0.3,0.3
Shawne Williams,LAL,36,21.1,28.6,17,9,0.5,0.3,0.4,0.6
Samuel Dalembert,DAL,80,20.2,66.7,6,8,0.1,0.1,0.1,0.2
Taj Gibson,CHI,82,28.8,60,12,8,0.1,0.1,0.1,0.2
Kenyon Martin,NYK,32,19.9,40,10,8,0.3,0.3,0.3,0.6
Eric Maynor,PHI,8,14.1,40,15,8,1.9,1,1.8,3.4
Julyan Stone,TOR,21,5.7,100,13,8,0.6,0.4,0.8,3.2
Shannon Brown,SAS,10,10.4,20,11,7,1.1,0.7,1.1,3.2
MarShon Brooks,BOS,10,7.4,22.2,18,7,1.8,0.7,1.5,4.5
Dionte Christmas,PHX,31,6.5,20,14,7,0.5,0.2,0.5,1.7
Jared Cunningham,TOTAL,13,6.2,0,8,7,0.6,0.5,0.6,4.2
Jared Cunningham,SAC,8,7.3,0,7,7,0.9,0.9,1,5.7
Reggie Evans,TOTAL,54,16.7,75,11,7,0.2,0.1,0.2,0.4
Kevin Garnett,BKN,53,20.7,60,10,7,0.2,0.1,0.2,0.3
Danny Granger,LAC,12,16.3,33.3,15,7,1.3,0.6,1.2,1.7
Eric Maynor,WAS,23,9.4,21.4,26,7,1.1,0.3,0.4,1.6
Gustavo Ayon,ATL,25,16.9,50,11,6,0.4,0.2,0.4,0.7
Steven Adams,OKC,81,14.9,75,5,6,0.1,0.1,0.1,0.2
Shannon Brown,NYK,19,7.9,40,11,6,0.6,0.3,0.6,1.9
Glen Davis,LAC,23,13.5,40,6,6,0.3,0.3,0.3,0.9
Austin Daye,SAS,14,8.3,33.3,14,6,1,0.4,1.2,2.5
Brandon Davies,PHI,51,11.3,20,10,6,0.2,0.1,0.3,0.5
Andre Drummond,DET,81,32.5,50,10,6,0.1,0.1,0.1,0.1
James Nunnally,TOTAL,12,13.2,20,9,6,0.8,0.5,0.5,1.8
A.J. Price,MIN,28,3.6,75,9,6,0.3,0.2,0.4,2.9
Tiago Splitter,SAS,59,21.7,100,10,6,0.2,0.1,0.2,0.2
Robert Sacre,LAL,65,16.9,28.6,11,6,0.2,0.1,0.1,0.3
Beno Udrih,MEM,10,5.6,50,17,6,1.7,0.6,2.1,5.2
Ekpe Udoh,MIL,42,19.3,28.6,14,6,0.3,0.1,0.3,0.4
Chauncey Billups,DET,19,16.4,16.7,26,5,1.4,0.3,1.3,0.8
Charles Hayes,TOTAL,60,12.2,40,8,5,0.1,0.1,0.1,0.3
Charles Hayes,TOR,45,12.8,40,7,5,0.2,0.1,0.1,0.4
Ryan Hollins,LAC,61,8,100,3,5,0,0.1,0.1,0.5
Roy Hibbert,IND,81,29.9,33.3,12,5,0.1,0.1,0.1,0.1
Tyler Hansbrough,TOR,63,15.4,50,11,5,0.2,0.1,0.1,0.2
Chris Wright,MIL,8,15.8,20,10,5,1.3,0.6,1.1,1.9
Chris Andersen,MIA,72,19.5,100,4,4,0.1,0.1,0.1,0.1
D.J. Augustin,TOR,9,7.7,33.3,13,4,1.4,0.4,2.4,2.8
Lavoy Allen,TOTAL,65,16.6,33.3,8,4,0.1,0.1,0.1,0.2
Lavoy Allen,PHI,51,19,33.3,8,4,0.2,0.1,0.2,0.2
Rasual Butler,IND,50,7.6,33.3,9,4,0.2,0.1,0.2,0.5
Aron Baynes,SAS,53,9.3,66.7,4,4,0.1,0.1,0.1,0.4
DeJuan Blair,DAL,78,15.6,66.7,6,4,0.1,0.1,0.1,0.2
Ed Davis,MEM,63,15.3,66.7,5,4,0.1,0.1,0.1,0.2
Reggie Evans,SAC,24,20.9,66.7,7,4,0.3,0.2,0.3,0.4
Jamaal Franklin,MEM,21,7.8,40,5,4,0.2,0.2,0.3,1.2
Mike Harris,UTA,20,11.3,66.7,5,4,0.3,0.2,0.2,0.8
Udonis Haslem,MIA,46,14.3,100,5,4,0.1,0.1,0.1,0.3
Josh Harrellson,DET,32,10,33.3,6,4,0.2,0.1,0.2,0.6
Solomon Hill,IND,28,8.1,33.3,9,4,0.3,0.1,0.3,0.8
John Jenkins,ATL,13,12.2,16.7,11,4,0.8,0.3,0.5,1.2
Kosta Koufos,MEM,80,17,33.3,10,4,0.1,0.1,0.2,0.1
Luc Mbah a Moute,SAC,9,22,28.6,8,4,0.9,0.4,0.8,1
Darius Morris,LAC,10,5.5,66.7,5,4,0.5,0.4,0.6,3.5
Mike Muscala,ATL,20,10.8,50,6,4,0.3,0.2,0.5,0.9
Luke Ridnour,CHA,24,15.3,28.6,26,4,1.1,0.2,1.6,0.5
Glen Rice,WAS,11,10,33.3,14,4,1.3,0.4,0.9,1.8
Kevin Seraphin,WAS,53,11,33.3,4,4,0.1,0.1,0.1,0.3
Malcolm Thomas,TOTAL,8,7.9,100,2,4,0.3,0.5,0.5,3
Malcolm Thomas,UTA,7,6.9,100,2,4,0.3,0.6,0.6,3.9
Earl Watson,POR,24,6.7,33.3,12,4,0.5,0.2,0.7,1.2
Hilton Armstrong,GSW,15,6.5,100,1,3,0.1,0.2,0.2,1.5
Reggie Bullock,LAC,43,9.3,100,3,3,0.1,0.1,0.1,0.4
Austin Daye,TOR,8,4.1,50,2,3,0.3,0.4,0.4,4.3
Reggie Evans,BKN,30,13.4,100,4,3,0.1,0.1,0.1,0.4
Jeremy Evans,UTA,66,18.4,33.3,7,3,0.1,0,0.2,0.1
Justin Hamilton,TOTAL,8,9.1,100,1,3,0.1,0.4,0,2
Justin Hamilton,MIA,7,9.9,100,1,3,0.1,0.4,0.4,2.1
Tony Mitchell,DET,21,3.8,-,2,3,0.1,0.1,0.1,1.8
James Nunnally,ATL,3,15.5,0,4,3,1.3,1,1,3.1
James Nunnally,PHI,9,12.4,25,5,3,0.6,0.3,0.3,1.3
Jannero Pargo,CHA,29,8.4,33.3,22,3,0.8,0.1,0.5,0.6
Larry Sanders,MIL,22,25.7,20,8,3,0.4,0.1,0.3,0.3
Ronny Turiaf,MIN,31,19.5,100,4,3,0.1,0.1,0.3,0.2
Jeff Adrien,CHA,25,10.2,100,2,2,0.1,0.1,0.1,0.4
Darrell Arthur,DEN,68,17.2,12.5,19,2,0.3,0,0.2,0.1
Cole Aldrich,NYK,46,7.2,100,3,2,0.1,0,0.1,0.3
Omer Asik,HOU,48,20.3,0,6,2,0.1,0,0.1,0.1
Steve Blake,GSW,28,21.9,33.3,51,2,1.8,0.1,1.6,0.2
Caron Butler,OKC,22,27.4,20,10,2,0.5,0.1,0.5,0.2
MarShon Brooks,GSW,7,2.2,0,3,2,0.4,0.3,0.4,6.2
Chris Babb,BOS,14,9.5,100,1,2,0.1,0.1,0.1,0.7
Victor Claver,POR,21,8.8,0,8,2,0.4,0.1,0.3,0.5
Gigi Datome,DET,34,7.1,100,4,2,0.1,0.1,0.1,0.4
Troy Daniels,HOU,5,15.1,50,2,2,0.4,0.4,0.4,1.3
Wayne Ellington,DAL,45,8.7,14.3,15,2,0.3,0,0.2,0.2
Jimmer Fredette,CHI,8,7,50,6,2,0.8,0.3,0.9,1.7
Jorge Gutierrez,BKN,15,16.2,14.3,22,2,1.5,0.1,1.1,0.4
James Jones,MIA,20,11.9,100,1,2,0.1,0.1,0.1,0.4
Mike James,CHI,11,7.1,16.7,12,2,1.1,0.2,1.1,1.2
Solomon Jones,ORL,11,7.8,50,2,2,0.2,0.2,0.2,1.1
Othyus Jeffers,TOTAL,6,7.9,100,4,2,0.7,0.3,0.7,2
Othyus Jeffers,SAS,4,8.5,100,3,2,0.8,0.5,1,2.8
DeAndre Jordan,LAC,82,35.3,20,8,2,0.1,0,0.1,0
Sergey Karasev,CLE,22,7.1,100,4,2,0.2,0.1,0.2,0.6
Ian Mahinmi,IND,77,16.3,0,6,2,0.1,0,0.1,0.1
Timofey Mozgov,DEN,82,21.7,20,7,2,0.1,0,0,0.1
Nemanja Nedovic,GSW,23,5.9,0,12,2,0.5,0.1,0.3,0.7
Daniel Orton,PHI,22,11.4,-,1,2,0,0.1,0.1,0.4
Patrick Patterson,SAC,16,24.4,33.3,6,2,0.4,0.1,0.3,0.2
Otto Porter,WAS,37,8.6,0,5,2,0.1,0.1,0.2,0.3
Greg Smith,HOU,11,9.2,100,1,2,0.1,0.2,0.2,0.9
D.J. Stephens,MIL,3,4.9,50,2,2,0.7,0.7,0.7,6.5
Tornike Shengelia,CHI,9,1.9,33.3,6,2,0.7,0.2,0.4,5.5
Hedo Turkoglu,LAC,38,10.4,9.1,15,2,0.4,0.1,0.4,0.2
Jamaal Tinsley,UTA,8,14.3,33.3,5,2,0.6,0.3,0.8,0.8
Derrick Williams,MIN,11,14.8,0,4,2,0.4,0.2,0.2,0.6
Mustafa Shakur,OKC,3,3.9,0,3,1,1,0.3,0.3,4.1
Greg Stiemsma,NOP,55,18.4,0,8,1,0.1,0,0.1,0
Jan Vesely,TOTAL,54,14.5,0,9,1,0.2,0,0.1,0.1
Jan Vesely,WAS,33,14.3,0,6,1,0.2,0,0.1,0.1
Lou Amundson,TOTAL,19,9.8,-,1,0,0.1,0,0,0
Lou Amundson,NOP,18,10.3,-,1,0,0.1,0,0.1,0
Lou Amundson,CHI,1,1.1,-,0,0,0,0,0,0
Joel Anthony,TOTAL,33,5.7,-,0,0,0,0,0,0
Joel Anthony,BOS,21,7.1,-,0,0,0,0,0,0
Joel Anthony,MIA,12,3.1,-,0,0,0,0,0,0
Jeff Ayres,SAS,73,13.1,-,1,0,0,0,0,0
Lavoy Allen,IND,14,8,-,0,0,0,0,0,0
Quincy Acy,TOR,7,8.8,0,3,0,0.4,0,0.1,0
Keith Bogans,BOS,6,9.4,-,1,0,0.2,0,0.3,0
Ronnie Brewer,TOTAL,24,6.7,0,1,0,0,0,0,0
Ronnie Brewer,CHI,1,2.1,-,0,0,0,0,0,0
Ronnie Brewer,HOU,23,6.9,0,1,0,0,0,0,0
Andris Biedrins,UTA,6,7.5,-,0,0,0,0,0,0
Andrew Bynum,TOTAL,26,19.7,-,0,0,0,0,0,0
Andrew Bynum,CLE,24,19.8,-,0,0,0,0,0,0
Andrew Bynum,IND,2,17.9,-,0,0,0,0,0,0
Vander Blue,BOS,3,4.9,-,0,0,0,0,0,0
Bismack Biyombo,CHA,76,14,-,4,0,0.1,0,0,0
Jason Collins,BKN,22,7.8,-,0,0,0,0,0,0
Josh Childress,NOP,4,6,-,2,0,0.5,0,0,0
Seth Curry,TOTAL,2,6.5,0,1,0,0.5,0,0,0
Seth Curry,CLE,1,8.9,0,1,0,1,0,0,0
Seth Curry,MEM,1,4.1,-,0,0,0,0,0,0
Jared Cunningham,ATL,5,4.4,-,1,0,0.2,0,0,0
Robert Covington,HOU,7,4.9,-,0,0,0,0,0,0
Allen Crabbe,POR,15,6.7,0,6,0,0.4,0,0,0
Toney Douglas,GSW,24,11.1,0,11,0,0.5,0,0.4,0
Gorgui Dieng,MIN,60,13.7,-,2,0,0,0,0,0
Dewayne Dedmon,TOTAL,31,12.7,-,0,0,0,0,0,0
Dewayne Dedmon,GSW,4,1.4,-,0,0,0,0,0,0
Dewayne Dedmon,ORL,16,14.7,-,0,0,0,0,0,0
Dewayne Dedmon,PHI,11,13.8,-,0,0,0,0,0,0
Melvin Ely,NOP,2,13.7,-,0,0,0,0,0,0
Shane Edwards,CLE,2,5.9,-,0,0,0,0,0,0
Joel Freeland,POR,52,14,0,4,0,0.1,0,0,0
Carrick Felix,CLE,7,5.5,-,1,0,0.1,0,0.3,0
Vitor Faverani,BOS,37,13.3,-,2,0,0.1,0,0.1,0
Ryan Gomes,OKC,5,6.9,-,0,0,0,0,0,0
Aaron Gray,TOTAL,36,9.8,0,1,0,0,0,0,0
Aaron Gray,SAC,33,10.2,0,1,0,0,0,0,0
Aaron Gray,TOR,3,4.6,-,0,0,0,0,0,0
Rudy Gobert,UTA,45,9.7,-,2,0,0,0,0,0
Charles Hayes,SAC,15,10.6,-,1,0,0.1,0,0,0
Robbie Hummel,MIN,53,12.5,0,8,0,0.2,0,0.1,0
Justin Hamilton,CHA,1,3.8,-,0,0,0,0,0,0
Scotty Hopson,CLE,2,3.4,0,1,0,0.5,0,0,0
Elias Harris,LAL,2,5.7,0,1,0,0.5,0,0,0
Royal Ivey,OKC,2,2.4,-,1,0,0.5,0,1,0
Stephen Jackson,LAC,9,12,0,4,0,0.4,0,0.2,0
Othyus Jeffers,MIN,2,6.6,-,1,0,0.5,0,0,0
Damion James,SAS,5,10.1,-,3,0,0.6,0,0,0
Orlando Johnson,SAC,7,7.2,0,8,0,1.1,0,0.7,0
Darius Johnson-Odom,PHI,3,5.1,-,3,0,1,0,0,0
Bernard James,DAL,30,4.9,-,1,0,0,0,0,0
Ognjen Kuzmic,GSW,21,4.4,-,0,0,0,0,0,0
Viacheslav Kravtsov,PHX,20,3,-,0,0,0,0,0,0
Carl Landry,SAC,18,13,-,0,0,0,0,0,0
DeAndre Liggins,MIA,1,1.4,-,1,0,1,0,2,0
Meyers Leonard,POR,40,8.9,0,3,0,0.1,0,0.1,0
Alex Len,PHX,42,8.7,-,2,0,0,0,0,0
Ricky Ledo,DAL,11,3,0,3,0,0.3,0,0.5,0
Nazr Mohammed,CHI,80,7.1,0,3,0,0,0,0,0
Jason Maxiell,ORL,34,14.4,-,2,0,0.1,0,0.1,0
Roger Mason Jr.,MIA,25,10.5,0,13,0,0.5,0,0.4,0
Cartier Martin,CHI,6,8,-,0,0,0,0,0,0
JaVale McGee,DEN,5,16,-,1,0,0.2,0,0,0
Arnett Moultrie,PHI,12,15.7,-,1,0,0.1,0,0,0
Tony Mitchell,MIL,3,3.3,-,0,0,0,0,0,0
Byron Mullens,TOTAL,45,9.3,0,5,0,0.1,0,0.1,0
Byron Mullens,LAC,27,6.2,0,3,0,0.1,0,0.1,0
Byron Mullens,PHI,18,13.8,0,2,0,0.1,0,0,0
Darius Morris,MEM,5,13.2,0,8,0,1.6,0,0.8,0
Erik Murphy,CHI,24,2.6,0,1,0,0,0,0,0
Steve Novak,TOR,54,10,0,3,0,0.1,0,0,0
Hamady Ndiaye,SAC,14,5.3,-,0,0,0,0,0,0
Jermaine O'Neal,GSW,43,20.2,0,4,0,0.1,0,0.1,0
Arinze Onuaku,TOTAL,5,6.1,-,0,0,0,0,0,0
Arinze Onuaku,NOP,3,8.5,-,0,0,0,0,0,0
Arinze Onuaku,CLE,2,2.4,-,0,0,0,0,0,0
Greg Oden,MIA,23,9.3,-,0,0,0,0,0,0
Josh Powell,HOU,1,19.5,-,0,0,0,0,0,0
Dexter Pittman,ATL,2,1.5,-,0,0,0,0,0,0
Nikola Pekovic,MIN,54,31,0,3,0,0.1,0,0,0
Shavlik Randolph,PHX,14,6.8,-,0,0,0,0,0,0
Miroslav Raduljica,MIL,48,9.7,0,3,0,0.1,0,0.1,0
Chris Smith,NYK,2,1,-,0,0,0,0,0,0
Henry Sims,CLE,20,8.5,0,1,0,0.1,0,0,0
James Southerland,TOTAL,4,7.6,-,1,0,0.3,0,0.5,0
James Southerland,NOP,3,9.1,-,1,0,0.3,0,0.7,0
James Southerland,CHA,1,2.8,-,0,0,0,0,0,0
Hasheem Thabeet,OKC,23,8.4,-,0,0,0,0,0,0
Lance Thomas,NOP,5,8.5,-,0,0,0,0,0,0
Malcolm Thomas,SAS,1,14.8,-,0,0,0,0,0,0
Jeremy Tyler,NYK,41,9.8,0,3,0,0.1,0,0,0
Adonis Thomas,TOTAL,6,6.3,0,2,0,0.3,0,0.7,0
Adonis Thomas,ORL,4,6.1,0,2,0,0.5,0,1,0
Adonis Thomas,PHI,2,6.7,-,0,0,0,0,0,0
Sasha Vujacic,LAC,2,5.3,-,0,0,0,0,0,0
Jarvis Varnado,TOTAL,24,14.2,-,0,0,0,0,0,0
Jarvis Varnado,CHI,1,2.1,-,0,0,0,0,0,0
Jarvis Varnado,PHI,23,14.8,-,0,0,0,0,0,0
Jan Vesely,DEN,21,14.7,0,3,0,0.1,0,0,0
DJ White,CHA,2,5.2,-,0,0,0,0,0,0
Reggie Williams,OKC,3,5.6,0,2,0,0.7,0,0.7,0
Royce White,SAC,3,3,-,0,0,0,0,0,0
Maalik Wayns,LAC,2,4.7,-,1,0,0.5,0,0.5,0
