Player,Team,GP,MIN per game,DIST,Average Speed (mph),Distance Traveled Per Game,Distance Traveled Per 48 Minutes (miles)
Damian Lillard,POR,82,35.7,205.4,4.2,2.5,3.4
Andrew Wiggins,MIN,81,36.2,200,4.1,2.5,3.3
Ben McLemore,SAC,82,32.5,197.8,4.5,2.4,3.6
Trevor Ariza,HOU,81,35.8,194.1,4,2.4,3.2
Goran Dragic,TOTAL,78,33.9,193.8,4.4,2.5,3.5
Eric Bledsoe,PHX,81,34.6,189.5,4.1,2.3,3.2
John Wall,WAS,79,35.9,188.8,4,2.4,3.2
Stephen Curry,GSW,79,32.7,188.4,4.4,2.4,3.5
Joe Johnson,BKN,80,35,187.4,4,2.3,3.2
Chris Paul,LAC,82,34.9,185.6,3.9,2.3,3.1
Kentavious Caldwell-Pope,DET,82,31.6,184.6,4.3,2.3,3.4
Monta Ellis,DAL,80,33.7,184.2,4.1,2.3,3.3
James Harden,HOU,80,36.8,182.7,3.7,2.3,3
Victor Oladipo,ORL,72,35.7,182.1,4.3,2.5,3.4
Gordon Hayward,UTA,76,34.4,182,4.2,2.4,3.3
JJ Redick,LAC,78,30.9,180.9,4.5,2.3,3.6
DeAndre Jordan,LAC,82,34.4,180.7,3.8,2.2,3.1
Elfrid Payton,ORL,82,30.3,180.4,4.4,2.2,3.5
Jimmy Butler,CHI,65,38.7,178.3,4.3,2.7,3.4
Tyreke Evans,NOP,79,34.1,177.9,4,2.3,3.2
Kyrie Irving,CLE,74,36.3,176.4,3.9,2.4,3.1
Klay Thompson,GSW,76,32,176.3,4.4,2.3,3.5
Ty Lawson,DEN,75,35.6,176.1,4,2.3,3.2
Kyle Korver,ATL,75,32.2,174.2,4.3,2.3,3.5
Danny Green,SAS,81,28.5,173.2,4.5,2.1,3.6
Harrison Barnes,GSW,81,28.4,172.8,4.5,2.1,3.6
Avery Bradley,BOS,77,31.5,172.7,4.3,2.2,3.4
Giannis Antetokounmpo,MIL,80,31.3,172.6,4.1,2.2,3.3
Nicolas Batum,POR,71,33.5,172.4,4.3,2.4,3.5
Arron Afflalo,TOTAL,78,32.1,171.5,4.1,2.2,3.3
Wilson Chandler,DEN,78,31.7,169.3,4.1,2.2,3.3
Pau Gasol,CHI,78,34.3,169.2,3.8,2.2,3
Marcin Gortat,WAS,82,29.9,168,4.1,2,3.3
Gerald Henderson,CHA,80,29,166.9,4.3,2.1,3.5
Andre Drummond,DET,82,30.5,166.7,4,2,3.2
Luol Deng,MIA,71,33.6,166.6,4.2,2.3,3.4
Matt Barnes,LAC,76,29.9,165,4.4,2.2,3.5
Courtney Lee,MEM,77,30.6,165,4.2,2.1,3.4
Marc Gasol,MEM,81,33.2,164.9,3.7,2,2.9
Thaddeus Young,TOTAL,75,32.1,164.6,4.1,2.2,3.3
Draymond Green,GSW,78,31.6,164.2,4,2.1,3.2
Khris Middleton,MIL,78,30,163.3,4.2,2.1,3.4
Tobias Harris,ORL,68,34.8,163,4.1,2.4,3.3
Jeff Green,TOTAL,78,31.4,162.6,4,2.1,3.2
Solomon Hill,IND,82,29,162,4.1,2,3.3
Rudy Gay,SAC,68,35.4,161.3,4,2.4,3.2
Paul Millsap,ATL,73,32.6,161,4.1,2.2,3.3
Nikola Vucevic,ORL,74,34.1,160.5,3.8,2.2,3
Trey Burke,UTA,76,30.1,160.4,4.2,2.1,3.4
Kevin Love,CLE,74,33.7,160.2,3.9,2.2,3.1
Player,Team,GP,MIN per game,DIST,Average Speed,Distance Traveled,Distance Traveled
,,,,,(mph),Per Game (miles),Per 48 Minutes (miles)
LaMarcus Aldridge,POR,71,35.4,158.8,3.8,2.2,3
Kyle Lowry,TOR,70,34.5,158.1,3.9,2.3,3.1
Markieff Morris,PHX,82,31.5,158,3.7,1.9,2.9
Anthony Davis,NOP,68,36.2,157.7,3.8,2.3,3.1
Mario Chalmers,MIA,79,29.7,157.2,4,2,3.2
Chandler Parsons,DAL,66,33.1,156.5,4.3,2.4,3.4
Michael Carter-Williams,TOTAL,66,32.5,156.3,4.4,2.4,3.5
Nerlens Noel,PHI,74,30.8,156.3,4.1,2.1,3.3
Russell Westbrook,OKC,67,34.3,156.3,4.1,2.3,3.3
PJ Tucker,PHX,78,30.6,155.8,3.9,2,3.1
Evan Turner,BOS,82,27.5,155.4,4.1,1.9,3.3
Mike Conley,MEM,70,31.8,155.3,4.2,2.2,3.4
LeBron James,CLE,68,36.1,155.2,3.8,2.3,3
Derrick Favors,UTA,74,30.8,153.7,4.1,2.1,3.2
Tristan Thompson,CLE,81,26.8,153.3,4.2,1.9,3.4
Bradley Beal,WAS,63,33.4,153.1,4.4,2.4,3.5
Reggie Jackson,TOTAL,77,29.5,152.6,4,2,3.2
Al Horford,ATL,76,30.4,152.2,3.9,2,3.2
Jarrett Jack,BKN,80,28.1,151.6,4,1.9,3.2
Rudy Gobert,UTA,82,26.3,149.9,4.2,1.8,3.3
Wesley Johnson,LAL,76,29.6,149.7,4,2,3.2
Terrence Ross,TOR,82,25.5,149.6,4.3,1.8,3.4
Tony Parker,SAS,68,28.7,149,4.6,2.2,3.7
Zach Randolph,MEM,71,32.4,148.7,3.9,2.1,3.1
Kawhi Leonard,SAS,64,31.8,148.4,4.4,2.3,3.5
Kemba Walker,CHA,62,34.2,148.4,4.2,2.4,3.4
DeMarre Carroll,ATL,70,31.1,147.7,4.1,2.1,3.3
Blake Griffin,LAC,67,35.2,147.5,3.7,2.2,3
Timofey Mozgov,TOTAL,81,25.3,147.5,4.3,1.8,3.5
Enes Kanter,TOTAL,75,28.3,145.8,4.1,1.9,3.3
Corey Brewer,TOTAL,79,26.2,145.7,4.2,1.8,3.4
Tyson Chandler,DAL,75,30.5,145.3,3.8,1.9,3.1
Deron Williams,BKN,68,31.1,144.6,4.1,2.1,3.3
Kenneth Faried,DEN,75,27.9,144.4,4.1,1.9,3.3
Patrick Patterson,TOR,81,26.6,144.2,4,1.8,3.2
Jeff Teague,ATL,73,30.3,143.8,3.9,2,3.1
Dion Waiters,TOTAL,79,27.5,143.8,4,1.8,3.2
Donatas Motiejunas,HOU,70,28.7,143.7,4.3,2.1,3.4
DeMar DeRozan,TOR,60,35,143.6,4.1,2.4,3.3
Josh Smith,TOTAL,83,27.7,143.5,3.7,1.7,3
Brandon Knight,TOTAL,62,32.3,143,4.3,2.3,3.4
Wesley Matthews,POR,60,33.8,142.5,4.2,2.4,3.4
Andre Iguodala,GSW,76,26.9,142.4,4.2,1.9,3.3
Greg Monroe,DET,69,31.1,141.4,4,2,3.2
Dirk Nowitzki,DAL,77,29.6,141.4,3.7,1.8,3
Rajon Rondo,TOTAL,68,29.7,140.9,4.2,2.1,3.3
Serge Ibaka,OKC,64,33.1,140.5,4,2.2,3.2
Tim Duncan,SAS,77,29,140.4,3.8,1.8,3
Gorgui Dieng,MIN,72,30.3,139.9,3.8,1.9,3.1
Marvin Williams,CHA,78,26.1,139.4,4.1,1.8,3.3
Player,Team,GP,MIN per game,DIST,Average Speed,Distance Traveled,Distance Traveled
,,,,,(mph),Per Game (miles),Per 48 Minutes (miles)
Jonas Valanciunas,TOR,80,26.2,139.3,4,1.7,3.2
J.R. Smith,TOTAL,70,29.7,139.1,4,2,3.2
Marcus Morris,PHX,81,25.3,138,4,1.7,3.2
Boris Diaw,SAS,81,24.5,137.9,4.2,1.7,3.3
Zach LaVine,MIN,76,24.6,137.8,4.4,1.8,3.5
Joakim Noah,CHI,67,30.5,137.7,4,2.1,3.2
Mike Dunleavy,CHI,63,29.1,137.4,4.5,2.2,3.6
Greivis Vasquez,TOR,82,24.3,137.2,4.1,1.7,3.3
Eric Gordon,NOP,61,33.1,136.3,4,2.2,3.2
Jason Thompson,SAC,81,24.5,135.6,4.1,1.7,3.3
D.J. Augustin,TOTAL,82,23.9,135.5,4.1,1.7,3.3
Kyle Singler,TOTAL,80,21.8,133.6,4.6,1.7,3.7
Robert Covington,PHI,69,27.9,133.5,4.2,1.9,3.3
Amir Johnson,TOR,75,26.4,133.3,4,1.8,3.2
Jeremy Lin,LAL,74,25.8,133.3,4.2,1.8,3.3
Brook Lopez,BKN,72,29.2,133.1,3.8,1.8,3
Shane Larkin,NYK,75,24.7,131.4,4.3,1.8,3.4
Mo Williams,TOTAL,67,29.4,131.3,4,2,3.2
Ed Davis,LAL,79,23.3,130.9,4.3,1.7,3.4
Bojan Bogdanovic,BKN,78,23.8,130.7,4.2,1.7,3.4
Brandon Bass,BOS,82,23.5,130.6,4.1,1.6,3.3
Lou Williams,TOR,80,25.2,130.2,3.9,1.6,3.1
Dante Exum,UTA,82,22.1,129.2,4.3,1.6,3.4
Patrick Beverley,HOU,56,30.9,128.7,4.5,2.3,3.6
Luc Mbah a Moute,PHI,66,28.5,128.6,4.1,1.9,3.3
Aaron Brooks,CHI,82,22.9,128.4,4.1,1.6,3.3
Goran Dragic,PHX,52,33.4,128.2,4.4,2.5,3.5
Norris Cole,TOTAL,74,24.3,127.8,4.3,1.7,3.4
Dwyane Wade,MIA,61,31.8,127.4,3.9,2.1,3.2
Hollis Thompson,PHI,70,25,127.3,4.4,1.8,3.5
Omer Asik,NOP,76,26.1,125.8,3.8,1.7,3
Rodney Stuckey,IND,71,26.4,125.7,4,1.8,3.2
Marcus Smart,BOS,67,27,125.7,4.2,1.9,3.3
Mason Plumlee,BKN,82,21.3,125.3,4.3,1.5,3.4
Quincy Pondexter,TOTAL,75,24,125,4.2,1.7,3.3
Roy Hibbert,IND,76,25.3,124.8,3.9,1.6,3.1
Jason Smith,NYK,81,21.9,124.4,4.2,1.5,3.4
Al Jefferson,CHA,65,30.7,124,3.7,1.9,3
CJ Miles,IND,70,26.2,123.5,4,1.8,3.2
Jordan Hill,LAL,70,26.8,123.2,3.9,1.8,3.1
Dante Cunningham,NOP,66,25.1,121.9,4.4,1.8,3.5
Anthony Morrow,OKC,74,24.4,121.7,4,1.6,3.2
Steven Adams,OKC,70,25.2,120.8,4.1,1.7,3.3
Paul Pierce,WAS,73,26.2,120.3,3.8,1.6,3
Kirk Hinrich,CHI,66,24.3,120.2,4.5,1.8,3.6
Tyler Zeller,BOS,82,21.1,120,4.2,1.5,3.3
Arron Afflalo,DEN,53,33.1,118.8,4.1,2.2,3.3
Evan Fournier,ORL,58,28.7,118.7,4.3,2,3.4
DeMarcus Cousins,SAC,59,33.9,118.6,3.6,2,2.8
Channing Frye,ORL,75,24.9,118.6,3.8,1.6,3
Player,Team,GP,MIN per game,DIST,Average Speed,Distance Traveled,Distance Traveled
,,,,,(mph),Per Game (miles),Per 48 Minutes (miles)
Luis Scola,IND,81,20.4,118.2,4.3,1.5,3.4
Alan Anderson,BKN,74,23.6,118.1,4.1,1.6,3.2
Brandon Knight,MIL,51,32.4,118.1,4.3,2.3,3.4
Wayne Ellington,LAL,65,25.8,118,4.2,1.8,3.4
Joe Ingles,UTA,79,21.2,117.9,4.2,1.5,3.4
Jerryd Bayless,MIL,76,22.2,117.1,4.2,1.5,3.3
Michael Kidd-Gilchrist,CHA,55,28.9,116.5,4.4,2.1,3.5
Devin Harris,DAL,76,22.1,115.8,4.1,1.5,3.3
Jae Crowder,TOTAL,82,20.1,115.3,4.2,1.4,3.4
Tim Hardaway Jr.,NYK,69,24,115.2,4.2,1.7,3.3
Isaiah Thomas,TOTAL,67,25.8,115.1,4,1.7,3.2
Tony Allen,MEM,63,26.1,114.7,4.2,1.8,3.3
Jason Terry,HOU,76,21.3,114.4,4.2,1.5,3.4
Jared Dudley,MIL,71,23.8,114.2,4.1,1.6,3.2
O.J. Mayo,MIL,70,23.8,114.1,4.1,1.6,3.3
David West,IND,66,28.7,114.1,3.6,1.7,2.9
Nikola Mirotic,CHI,82,20,112.9,4.1,1.4,3.3
Cory Joseph,SAS,79,18.3,112.1,4.7,1.4,3.7
Austin Rivers,TOTAL,76,20.6,112.1,4.3,1.5,3.4
Steve Blake,POR,81,18.9,111.7,4.4,1.4,3.5
Beno Udrih,MEM,79,18.9,111.6,4.5,1.4,3.6
Cody Zeller,CHA,62,24,111.4,4.5,1.8,3.6
Caron Butler,DET,78,20.9,110.8,4.1,1.4,3.3
Taj Gibson,CHI,62,27.3,110.7,3.9,1.8,3.1
Zaza Pachulia,MIL,72,23.4,110.5,3.9,1.5,3.1
Iman Shumpert,TOTAL,62,24.9,110.2,4.3,1.8,3.4
Dennis Schroder,ATL,77,19.8,110.1,4.3,1.4,3.5
Ryan Anderson,NOP,61,27.5,109.8,3.9,1.8,3.1
Trevor Booker,UTA,79,19.8,109.5,4.2,1.4,3.4
Jamal Crawford,LAC,64,26.7,109.3,3.8,1.7,3.1
Manu Ginobili,SAS,70,22.7,109,4.1,1.6,3.3
Ray McCallum,SAC,68,21,109,4.6,1.6,3.7
Nene,WAS,67,25.2,108.7,3.9,1.6,3.1
Darren Collison,SAC,45,34.8,108.2,4.1,2.4,3.3
Derrick Rose,CHI,51,30,108,4.2,2.1,3.4
Thaddeus Young,MIN,47,33.6,108,4.1,2.3,3.3
Robin Lopez,POR,59,27.8,107.9,4,1.8,3.2
Jordan Clarkson,LAL,59,25.1,107.6,4.4,1.8,3.5
Carlos Boozer,LAL,71,23.9,107.3,3.8,1.5,3
Jodie Meeks,DET,60,24.4,107,4.4,1.8,3.5
Rasual Butler,WAS,75,20.1,106.1,4.2,1.4,3.4
Shaun Livingston,GSW,77,18.9,105.4,4.3,1.4,3.5
Lance Thomas,TOTAL,61,24.1,105.4,4.3,1.7,3.4
Otto Porter,WAS,74,19.3,105.2,4.4,1.4,3.5
Lance Stephenson,CHA,61,25.8,104.1,4,1.7,3.2
CJ Watson,IND,57,24.9,103,4.3,1.8,3.5
Al-Farouq Aminu,DAL,74,18.5,102.8,4.5,1.4,3.6
Michael Carter-Williams,PHI,41,33.9,102.7,4.4,2.5,3.5
Langston Galloway,NYK,44,32.5,102.7,4.3,2.3,3.5
Alex Len,PHX,69,22,102.5,4.1,1.5,3.2
Player,Team,GP,MIN per game,DIST,Average Speed,Distance Traveled,Distance Traveled
,,,,,(mph),Per Game (miles),Per 48 Minutes (miles)
Jared Sullinger,BOS,58,27,102.4,3.9,1.8,3.1
Anthony Tolliver,TOTAL,76,18.9,102.2,4.3,1.3,3.4
Marco Belinelli,SAS,62,22.4,102.1,4.4,1.6,3.5
Omri Casspi,SAC,67,21.1,101.1,4.3,1.5,3.4
Jose Juan Barea,DAL,77,17.7,100.5,4.4,1.3,3.5
Gerald Green,PHX,74,19.6,100.3,4.2,1.4,3.3
Corey Brewer,HOU,56,25.2,100.2,4.3,1.8,3.4
Kelly Olynyk,BOS,64,22.2,100.2,4.2,1.6,3.4
Derrick Williams,SAC,74,19.7,99.5,4.1,1.3,3.3
Jerami Grant,PHI,64,21.2,99.2,4.4,1.6,3.5
Kyle Singler,DET,54,23.9,98.7,4.6,1.8,3.7
Tony Snell,CHI,72,19.5,98.7,4.2,1.4,3.4
Andre Roberson,OKC,67,19.2,98.5,4.6,1.5,3.7
JJ Hickson,DEN,73,19.4,97.4,4.1,1.3,3.3
Henry Sims,PHI,72,19.2,97.2,4.2,1.3,3.4
J.R. Smith,CLE,46,31.8,97,4,2.1,3.2
Kent Bazemore,ATL,75,17.6,96.9,4.4,1.3,3.5
Andrew Bogut,GSW,66,23.5,96.6,3.7,1.5,3
Jae Crowder,BOS,57,24.3,96.3,4.2,1.7,3.3
Jameer Nelson,TOTAL,63,22.3,96.2,4.1,1.5,3.3
Matthew Dellavedova,CLE,66,20.7,95.6,4.2,1.4,3.4
Brian Roberts,CHA,72,18.5,95.5,4.3,1.3,3.4
Tayshaun Prince,TOTAL,58,24.1,95,4.1,1.6,3.3
Danilo Gallinari,DEN,59,24.2,94.8,4,1.6,3.2
Brandan Wright,TOTAL,75,19.4,94.6,3.9,1.3,3.1
KJ McDaniels,TOTAL,61,21.9,94,4.2,1.5,3.4
James Johnson,TOR,70,19.6,93.6,4.1,1.3,3.3
Chris Bosh,MIA,44,35.4,93.5,3.6,2.1,2.9
Reggie Jackson,OKC,50,28,93.4,4,1.9,3.2
Dion Waiters,OKC,47,30.2,93.4,4,2,3.2
Rajon Rondo,DAL,46,28.7,93.3,4.2,2,3.4
Kosta Koufos,MEM,81,16.6,93,4.1,1.1,3.3
Kris Humphries,WAS,64,21,92.9,4.1,1.5,3.3
Jrue Holiday,NOP,40,32.6,92.8,4.3,2.3,3.4
Chris Kaman,POR,74,18.9,92.1,4,1.2,3.2
KJ McDaniels,PHI,51,25.6,91.7,4.2,1.8,3.4
Pablo Prigioni,TOTAL,66,18.1,90.5,4.6,1.4,3.6
D.J. Augustin,DET,54,23.9,89.7,4.2,1.7,3.3
Jeff Green,MEM,45,30.1,89.6,4,2,3.2
Enes Kanter,UTA,49,26.9,89.5,4.1,1.8,3.3
Carmelo Anthony,NYK,39,35.9,89,3.8,2.3,3.1
Quincy Acy,NYK,67,19.1,88.9,4.2,1.3,3.3
Jonas Jerebko,TOTAL,75,16.4,88.7,4.3,1.2,3.5
Josh Smith,HOU,55,25.5,88.1,3.8,1.6,3
Chase Budinger,MIN,66,19.4,87.9,4.1,1.3,3.3
Jose Calderon,NYK,41,30,87.5,4.3,2.1,3.4
Quincy Pondexter,NOP,45,27.9,87.2,4.2,1.9,3.3
Kevin Martin,MIN,38,33.7,87.1,4.1,2.3,3.3
Ersan Ilyasova,MIL,57,22.9,86.9,4,1.5,3.2
George Hill,IND,43,29.4,86.6,4.1,2,3.3
Player,Team,GP,MIN per game,DIST,Average Speed,Distance Traveled,Distance Traveled
,,,,,(mph),Per Game (miles),Per 48 Minutes (miles)
Spencer Hawes,LAC,73,17.5,86.6,4.1,1.2,3.3
Brandon Jennings,DET,41,28.6,86.2,4.4,2.1,3.5
Richard Jefferson,DAL,74,16.9,85.6,4.1,1.2,3.3
Kevin Seraphin,WAS,79,15.6,85,4.1,1.1,3.3
Bismack Biyombo,CHA,64,19.4,83.9,4,1.3,3.2
JaKarr Sampson,PHI,73,15.2,83,4.5,1.1,3.6
Anthony Tolliver,DET,52,22.4,83,4.3,1.6,3.4
Timofey Mozgov,CLE,46,25,82.9,4.3,1.8,3.5
Miles Plumlee,TOTAL,73,16.4,82.7,4.2,1.1,3.3
Ramon Sessions,TOTAL,64,18.5,82.4,4.2,1.3,3.3
John Henson,MIL,66,18.3,82.3,4.1,1.2,3.3
Ryan Kelly,LAL,52,23.8,82.1,4,1.6,3.2
Tarik Black,TOTAL,62,19,82,4.2,1.3,3.3
Andre Miller,TOTAL,81,15.5,81.7,3.9,1,3.1
Gary Neal,TOTAL,54,22.1,81,4.1,1.5,3.3
Norris Cole,MIA,46,24.3,80.2,4.3,1.7,3.4
Nik Stauskas,SAC,73,15.4,80.2,4.3,1.1,3.4
Mike Scott,ATL,68,16.5,79.7,4.3,1.2,3.4
Amar'e Stoudemire,TOTAL,58,21.3,79.3,3.8,1.4,3.1
Nick Collison,OKC,66,16.7,79.2,4.3,1.2,3.5
Donald Sloan,IND,53,20.8,79.1,4.3,1.5,3.4
Isaiah Thomas,PHX,46,25.7,78.3,4,1.7,3.2
Carl Landry,SAC,70,17,78.2,3.9,1.1,3.2
Aron Baynes,SAS,70,16,77.5,4.1,1.1,3.3
Kobe Bryant,LAL,35,34.6,77,3.8,2.2,3.1
Ian Mahinmi,IND,61,18.8,77,4,1.3,3.2
Marreese Speights,GSW,75,15.9,77,3.9,1,3.1
James Ennis,MIA,62,17,76.9,4.4,1.2,3.5
Shawne Williams,TOTAL,62,17.1,76,4.3,1.2,3.4
Mo Williams,MIN,40,28.4,75.5,4,1.9,3.2
CJ McCollum,POR,62,15.7,75,4.6,1.2,3.7
Jusuf Nurkic,DEN,62,17.8,75,4.1,1.2,3.3
Dwight Howard,HOU,40,29.8,74.3,3.7,1.9,3
Rodney Hood,UTA,50,21.3,74.1,4.2,1.5,3.3
Kendrick Perkins,TOTAL,68,16.9,74,3.9,1.1,3.1
Robert Sacre,LAL,67,16.9,73.9,3.9,1.1,3.1
Lance Thomas,NYK,39,26.2,73.8,4.3,1.9,3.5
Randy Foye,DEN,50,21.8,73.7,4.1,1.5,3.2
Shawn Marion,CLE,56,19.3,73.4,4.1,1.3,3.3
Chris Andersen,MIA,59,18.7,73,4,1.2,3.2
Jeff Green,BOS,33,33.1,73,4,2.2,3.2
Ronnie Price,LAL,43,22.9,72.8,4.4,1.7,3.6
Damjan Rudez,IND,68,15.4,72.8,4.2,1.1,3.3
Tiago Splitter,SAS,52,19.8,72.7,4.2,1.4,3.4
Hassan Whiteside,MIA,47,24.2,72.4,3.8,1.5,3.1
Vince Carter,MEM,66,16.5,72.2,4,1.1,3.2
Tyler Hansbrough,TOR,74,14.3,72,4.1,1,3.3
Will Barton,TOTAL,58,17,71.8,4.4,1.2,3.5
Lavoy Allen,IND,63,16.9,71.2,4,1.1,3.2
Shabazz Napier,MIA,51,19.9,70.1,4.2,1.4,3.3
Player,Team,GP,MIN per game,DIST,Average Speed,Distance Traveled,Distance Traveled
,,,,,(mph),Per Game (miles),Per 48 Minutes (miles)
Leandro Barbosa,GSW,65,14.8,69.7,4.3,1.1,3.5
Miles Plumlee,PHX,54,18.6,69.2,4.1,1.3,3.3
Matt Bonner,SAS,72,13,68.9,4.4,1,3.5
Pero Antic,ATL,63,16.4,68.6,4,1.1,3.2
Thabo Sefolosha,ATL,52,18.6,68.4,4.2,1.3,3.4
Darrell Arthur,DEN,58,17.1,66.3,4,1.1,3.2
Goran Dragic,MIA,26,34.9,65.6,4.3,2.5,3.5
Lou Amundson,TOTAL,52,17.7,65.3,4.3,1.3,3.4
Willie Green,ORL,52,18.3,65.2,4.1,1.3,3.3
Isaiah Canaan,TOTAL,46,19.8,64.8,4.3,1.4,3.4
Nick Young,LAL,42,23.9,64.7,3.9,1.5,3.1
Timofey Mozgov,DEN,35,25.7,64.6,4.3,1.8,3.5
Kevin Garnett,TOTAL,47,20.3,64.4,4.1,1.4,3.2
Cole Aldrich,NYK,60,16.1,64.2,4,1.1,3.2
Elijah Millsap,UTA,47,19.5,64,4.2,1.4,3.3
Iman Shumpert,CLE,38,24.2,64,4.2,1.7,3.3
Shawne Williams,MIA,43,20.9,64,4.3,1.5,3.4
Patty Mills,SAS,51,15.7,63.8,4.8,1.3,3.8
Kendrick Perkins,OKC,51,19.2,63.5,3.9,1.2,3.1
Gary Neal,CHA,43,21.7,63.4,4.1,1.5,3.3
Shabazz Muhammad,MIN,37,23,63.3,4.5,1.7,3.6
Tony Wroten,PHI,30,29.8,63.3,4.2,2.1,3.4
Udonis Haslem,MIA,61,16.1,63.1,3.8,1,3.1
Alec Burks,UTA,27,33.3,62.8,4.2,2.3,3.3
Alexis Ajinca,NOP,68,14.1,62.6,3.9,0.9,3.1
Ish Smith,TOTAL,55,15.1,62.3,4.5,1.1,3.6
Mirza Teletovic,BKN,40,22.4,62.1,4.2,1.6,3.3
Shelvin Mack,ATL,55,15.1,62,4.5,1.1,3.6
Luke Babbitt,NOP,63,13.1,61.8,4.5,1,3.6
Anthony Bennett,MIN,56,15.8,61.4,4.2,1.1,3.3
Nick Calathes,MEM,58,14.4,61.3,4.4,1.1,3.5
Jon Leuer,MEM,63,13.1,60.5,4.4,1,3.5
Terrence Jones,HOU,33,27,60.3,4.1,1.8,3.2
Glen Davis,LAC,74,12.3,59.6,3.9,0.8,3.2
David Lee,GSW,48,18.5,59.6,4,1.2,3.2
Lou Amundson,NYK,40,21,59.5,4.2,1.5,3.4
Pablo Prigioni,NYK,42,18.8,59.5,4.5,1.4,3.6
Jason Maxiell,CHA,61,14.4,59.3,4,1,3.2
Reggie Jackson,DET,27,32.3,59.2,4.1,2.2,3.3
Drew Gooden,WAS,51,17,58.8,4.1,1.2,3.3
Kostas Papanikolaou,HOU,42,18.4,58.6,4.5,1.4,3.6
Aaron Gordon,ORL,47,17,58.5,4.4,1.2,3.5
Joey Dorsey,HOU,68,12.5,58.2,4.1,0.9,3.3
Kevin Durant,OKC,27,33.9,57.8,3.8,2.1,3
Kevin Garnett,BKN,42,20.4,57.7,4,1.4,3.2
Austin Rivers,LAC,41,19.3,56.9,4.3,1.4,3.4
Thomas Robinson,TOTAL,54,14.8,56.7,4.3,1,3.4
Thaddeus Young,BKN,28,29.7,56.6,4.1,2,3.3
Enes Kanter,OKC,26,30.9,56.3,4.2,2.2,3.4
Meyers Leonard,POR,55,15.4,55.9,4,1,3.2
Player,Team,GP,MIN per game,DIST,Average Speed,Distance Traveled,Distance Traveled
,,,,,(mph),Per Game (miles),Per 48 Minutes (miles)
Mo Williams,CHA,27,30.8,55.8,4,2.1,3.2
Dewayne Dedmon,ORL,59,14.3,55.7,4,0.9,3.2
Brandan Wright,PHX,40,21.5,55.6,3.9,1.4,3.1
Tarik Black,LAL,38,21.2,55.4,4.1,1.5,3.3
Josh Smith,DET,28,32,55.4,3.7,2,3
Austin Rivers,NOP,35,22.1,55.2,4.3,1.6,3.4
Amar'e Stoudemire,NYK,35,24.5,55.1,3.9,1.6,3.1
Chris Copeland,IND,50,16.5,55,4,1.1,3.2
Robbie Hummel,MIN,44,16.7,55,4.5,1.2,3.6
Markel Brown,BKN,47,16.7,54.7,4.2,1.2,3.4
Kyle O'Quinn,ORL,51,16.2,53.8,3.9,1.1,3.1
Ben Gordon,ORL,56,14.1,53.7,4.1,1,3.3
Michael Carter-Williams,MIL,25,30.3,53.6,4.2,2.1,3.4
Alexey Shved,TOTAL,42,18.3,53.5,4.2,1.3,3.3
Jabari Parker,MIL,25,29.6,53.4,4.3,2.1,3.5
Garrett Temple,WAS,52,14.2,53.1,4.3,1,3.5
Arron Afflalo,POR,25,30.1,52.7,4.2,2.1,3.4
Gary Harris,DEN,55,13.1,52.3,4.4,1,3.5
Adreian Payne,TOTAL,32,23.1,51.3,4.2,1.6,3.3
Reggie Evans,SAC,47,16.3,50.8,4,1.1,3.2
Ish Smith,PHI,25,27.1,50.8,4.5,2,3.6
Andrea Bargnani,NYK,29,27.1,50.7,3.9,1.7,3.1
Jonas Jerebko,DET,46,15.3,50.6,4.3,1.1,3.5
Justin Hamilton,TOTAL,41,17.4,50.5,4.2,1.2,3.4
Luke Ridnour,ORL,47,14.6,50.4,4.4,1.1,3.5
Dion Waiters,CLE,32,23.7,50.4,4,1.6,3.2
Adreian Payne,MIN,29,24.9,49.9,4.2,1.7,3.3
Will Barton,DEN,28,24.5,49.4,4.3,1.8,3.5
Allen Crabbe,POR,51,13.4,49.3,4.3,1,3.5
Nikola Pekovic,MIN,30,26.2,49.2,3.8,1.6,3
Marcus Thornton,TOTAL,48,15,49,4.1,1,3.3
PJ Hairston,CHA,45,15.3,48.9,4.3,1.1,3.4
Maurice Harkless,ORL,45,15,48.6,4.3,1.1,3.5
Alonzo Gee,TOTAL,54,12.3,48.2,4.4,0.9,3.5
Justin Holiday,GSW,59,11.2,48.1,4.4,0.8,3.5
Ricky Rubio,MIN,22,31.5,48,4.2,2.2,3.3
Travis Wear,NYK,50,13,47.9,4.4,1,3.5
Rajon Rondo,BOS,22,31.8,47.7,4.1,2.2,3.3
Norris Cole,NOP,28,24.4,47.6,4.2,1.7,3.3
Hedo Turkoglu,LAC,62,11.4,47.6,4,0.8,3.2
Charlie Villanueva,DAL,64,10.6,47,4.2,0.7,3.3
Jameer Nelson,DEN,34,20.7,46.2,3.9,1.4,3.2
Iman Shumpert,NYK,24,26,46.2,4.4,1.9,3.5
Anderson Varejao,CLE,26,24.4,46.2,4.4,1.8,3.5
Cleanthony Early,NYK,39,16.7,45.9,4.2,1.2,3.4
D.J. Augustin,OKC,28,24.1,45.8,4.1,1.6,3.3
James Jones,CLE,56,11.9,45.7,4.1,0.8,3.3
Mike Miller,CLE,51,13.3,45.7,4.1,0.9,3.2
Corey Brewer,MIN,23,28.6,45.5,4.2,2,3.3
TJ Warren,PHX,40,15.4,44.5,4.3,1.1,3.5
Player,Team,GP,MIN per game,DIST,Average Speed,Distance Traveled,Distance Traveled
,,,,,(mph),Per Game (miles),Per 48 Minutes (miles)
Phil Pressey,BOS,50,12,44.1,4.4,0.9,3.5
Perry Jones,OKC,43,14.7,43.8,4.2,1,3.3
Ramon Sessions,SAC,36,17.7,43.7,4.1,1.2,3.3
Marcus Thornton,BOS,39,16.4,43.5,4.1,1.1,3.3
Tyler Johnson,MIA,32,18.9,43.4,4.3,1.4,3.4
Jeremy Lamb,OKC,47,13.5,42.7,4,0.9,3.2
Tayshaun Prince,MEM,26,24.2,42.6,4.1,1.6,3.3
Joel Freeland,POR,48,12.8,42.4,4.1,0.9,3.3
J.R. Smith,NYK,24,25.8,42.1,4.1,1.8,3.3
Andre Miller,WAS,51,12.4,42,4,0.8,3.2
Jameer Nelson,DAL,23,25.4,41.8,4.3,1.8,3.4
Nate Robinson,TOTAL,42,14.1,41.6,4.2,1,3.4
Henry Walker,MIA,24,26.2,41.4,3.9,1.7,3.2
Dorell Wright,POR,48,12.4,40.5,4.1,0.8,3.3
Chris Johnson,TOTAL,29,18.2,40.1,4.6,1.4,3.7
Lorenzo Brown,MIN,29,19,39.9,4.3,1.4,3.5
Isaiah Canaan,PHI,22,25.9,39.9,4.2,1.8,3.4
Andre Miller,SAC,30,20.7,39.7,3.8,1.3,3.1
Danny Granger,MIA,29,20.4,39.4,4,1.4,3.2
Sergey Karasev,BKN,33,16.8,39.4,4.3,1.2,3.4
Larry Sanders,MIL,27,21.7,39.3,4,1.5,3.2
Archie Goodwin,PHX,41,13,39.1,4.4,1,3.5
Tayshaun Prince,DET,23,24.9,38.9,4.1,1.7,3.3
Ramon Sessions,WAS,28,19.5,38.6,4.2,1.4,3.4
Furkan Aldemir,PHI,41,13.2,38.5,4.3,0.9,3.4
Cory Jefferson,BKN,50,10.6,38.2,4.3,0.8,3.4
Jonas Jerebko,BOS,29,18.2,38.1,4.3,1.3,3.5
Jabari Brown,LAL,19,30,37.8,4,2,3.2
Quincy Pondexter,MEM,30,18,37.8,4.2,1.3,3.4
Jordan Farmar,LAC,36,14.7,37.7,4.3,1,3.4
Jimmer Fredette,NOP,50,10.2,37.2,4.4,0.7,3.5
Isaiah Thomas,BOS,21,26,36.8,4,1.8,3.2
Alonzo Gee,DEN,39,13.1,36.7,4.3,0.9,3.4
Mike Muscala,ATL,40,12.4,36.6,4.4,0.9,3.5
Mitch McGary,OKC,32,15.2,36.1,4.5,1.1,3.6
Samuel Dalembert,NYK,32,17,36,4,1.1,3.2
Joe Harris,CLE,51,9.7,35.7,4.3,0.7,3.5
E'Twaun Moore,CHI,56,8.8,35.7,4.3,0.6,3.5
Festus Ezeli,GSW,46,11,35.4,4.2,0.8,3.4
Kyle Singler,OKC,26,17.5,34.8,4.6,1.3,3.7
Michael Beasley,MIA,24,21.1,34,4,1.4,3.2
Andrew Nicholson,ORL,40,12.3,33.4,4.1,0.8,3.3
Brandan Wright,DAL,27,18.7,33.2,3.9,1.2,3.2
Nate Robinson,DEN,33,14.1,32.6,4.2,1,3.4
Brandon Davies,TOTAL,27,15.7,32,4.5,1.2,3.6
Elton Brand,ATL,36,13.4,31.7,3.9,0.9,3.2
Spencer Dinwiddie,DET,34,13.4,31.6,4.1,0.9,3.3
Lance Thomas,OKC,22,20.5,31.6,4.2,1.4,3.4
Pablo Prigioni,HOU,24,16.8,31.1,4.6,1.3,3.7
Tyler Ennis,TOTAL,33,12.5,31,4.5,0.9,3.6
Player,Team,GP,MIN per game,DIST,Average Speed,Distance Traveled,Distance Traveled
,,,,,(mph),Per Game (miles),Per 48 Minutes (miles)
Jeff Taylor,CHA,29,14.9,31,4.3,1.1,3.5
Justin Hamilton,MIN,17,24.9,30.2,4.3,1.8,3.4
Ryan Hollins,SAC,46,9.6,30.1,4.1,0.7,3.3
Troy Daniels,TOTAL,46,8.6,29.9,4.6,0.7,3.6
Erick Green,DEN,43,9.6,29.6,4.3,0.7,3.5
Thomas Robinson,PHI,22,18.5,29.5,4.4,1.3,3.5
Joel Anthony,DET,49,8.3,29,4.3,0.6,3.4
Jason Richardson,PHI,19,21.9,28.9,4.2,1.5,3.3
Brandon Davies,PHI,20,19,28.7,4.5,1.4,3.6
Kendall Marshall,MIL,27,15.3,28.7,4.2,1.1,3.3
Alexey Shved,NYK,16,26.5,28.5,4,1.8,3.2
Thomas Robinson,POR,32,12.2,27.2,4.2,0.8,3.3
Jeff Ayres,SAS,51,7.5,26.8,4.2,0.5,3.4
Tyler Ennis,MIL,25,14.1,26.8,4.5,1.1,3.6
Tarik Black,HOU,24,15.7,26.6,4.2,1.1,3.4
Kyle Anderson,SAS,33,10.9,26.2,4.4,0.8,3.5
Jerome Jordan,BKN,44,8.7,25.6,4,0.6,3.2
Brandon Knight,PHX,11,31.7,25,4.3,2.3,3.4
Isaiah Canaan,HOU,24,14.3,24.9,4.3,1,3.5
Martell Webster,WAS,32,11,24.7,4.2,0.8,3.4
Johnny O'Bryant,MIL,33,10.5,24.4,4.2,0.7,3.4
Amar'e Stoudemire,DAL,23,16.5,24.2,3.8,1.1,3.1
Reggie Bullock,TOTAL,36,9.4,24.1,4.3,0.7,3.4
Austin Daye,TOTAL,34,10.1,24,4.2,0.7,3.3
Doug McDermott,CHI,36,8.8,24,4.5,0.7,3.6
James Young,BOS,31,10.6,23.8,4.3,0.8,3.5
Greg Smith,DAL,42,8.6,23.2,3.9,0.6,3.1
A.J. Price,TOTAL,26,12.4,22.9,4.2,0.9,3.4
Darius Morris,BKN,38,7.9,22.7,4.5,0.6,3.6
Will Barton,POR,30,10,22.4,4.5,0.7,3.6
Sebastian Telfair,OKC,16,20.5,22,4,1.4,3.2
John Jenkins,ATL,24,12.4,21.1,4.3,0.9,3.4
Alexey Shved,PHI,17,16.8,20.8,4.4,1.2,3.5
Josh McRoberts,MIA,17,17.6,20.6,4.1,1.2,3.3
John Lucas III,DET,21,13,20.4,4.5,1,3.6
Justin Hamilton,MIA,24,12.1,20.3,4.2,0.8,3.4
Brandon Rush,GSW,33,8.2,20,4.4,0.6,3.5
Gerald Wallace,BOS,32,8.9,19.6,4.1,0.6,3.3
Nick Johnson,HOU,27,9.6,19.4,4.5,0.7,3.6
Anthony Tolliver,PHX,24,11.4,19.2,4.2,0.8,3.4
Raymond Felton,DAL,29,9.7,19.1,4.1,0.7,3.3
Noah Vonleh,CHA,25,10.4,19.1,4.4,0.8,3.5
Jae Crowder,DAL,25,10.6,19,4.3,0.8,3.4
Jeremy Evans,UTA,38,7,19,4.3,0.5,3.4
Glenn Robinson,TOTAL,35,7.5,18.8,4.3,0.5,3.4
Austin Daye,SAS,26,10.3,18.7,4.2,0.7,3.3
Reggie Bullock,LAC,25,10.5,18.5,4.2,0.7,3.4
Joffrey Lauvergne,DEN,24,11.2,18.5,4.1,0.8,3.3
Jeff Withey,NOP,37,7,18.4,4.2,0.5,3.4
John Salmons,NOP,21,12.9,18.2,4,0.9,3.2
Jordan Adams,MEM,30,8.3,18,4.3,0.6,3.5
Nate Wolters,TOTAL,21,11.8,17.9,4.3,0.9,3.5
Gary Neal,MIN,11,23.8,17.6,4,1.6,3.2
Dwight Powell,TOTAL,29,8.2,17.6,4.5,0.6,3.6
Ricky Ledo,TOTAL,17,14.4,17.5,4.3,1,3.4
Dwight Powell,DAL,24,9.5,16.9,4.5,0.7,3.6
Ricky Ledo,NYK,12,19.5,16.7,4.3,1.4,3.4
Landry Fields,TOR,26,8.4,16.6,4.5,0.6,3.6
JaVale McGee,TOTAL,23,11.1,16.6,3.9,0.7,3.1
Larry Drew II,PHI,12,18.3,16.1,4.4,1.3,3.5
Charles Hayes,TOR,29,8.8,16,3.8,0.6,3
Chris Johnson,UTA,12,17.6,16,4.5,1.3,3.6
Devyn Marble,ORL,16,13,15.8,4.5,1,3.6
Tim Frazier,TOTAL,10,20.4,15.3,4.5,1.5,3.6
Gigi Datome,TOTAL,21,10,14.8,4.2,0.7,3.4
Chris Johnson,PHI,9,20.8,14.5,4.6,1.6,3.7
Cartier Martin,DET,23,8.6,14.4,4.3,0.6,3.5
Steve Novak,TOTAL,35,5.7,14,4.2,0.4,3.4
Malcolm Thomas,PHI,17,11.4,14,4.3,0.8,3.5
Ian Clark,TOTAL,30,6.3,13.8,4.4,0.5,3.5
Jeff Adrien,MIN,17,12.7,13.6,3.8,0.8,3
Francisco Garcia,HOU,14,14.3,13.6,4.1,1,3.3
A.J. Price,IND,10,19.3,13.6,4.2,1.4,3.4
Toney Douglas,NOP,12,14.7,13.5,4.6,1.1,3.7
Gigi Datome,BOS,18,10.7,13.5,4.2,0.7,3.4
Miles Plumlee,MIL,19,10,13.5,4.3,0.7,3.4
Tayshaun Prince,BOS,9,22.1,13.4,4,1.5,3.2
Jorge Gutierrez,TOTAL,20,8.5,13,4.6,0.6,3.6
JaVale McGee,DEN,17,11.5,12.6,3.9,0.7,3.1
Bryce Cotton,UTA,15,10.6,12.2,4.6,0.8,3.7
Shawne Williams,DET,19,8.6,12,4.4,0.6,3.5
Troy Daniels,MIN,19,8.1,11.7,4.5,0.6,3.6
JaMychal Green,TOTAL,24,6.8,11.6,4.2,0.5,3.4
Ian Clark,UTA,23,6.9,11.5,4.3,0.5,3.5
Alonzo Gee,POR,15,10.1,11.5,4.6,0.8,3.7
Ish Smith,OKC,30,5.2,11.5,4.4,0.4,3.6
Glenn Robinson,PHI,10,15.4,11.2,4.4,1.1,3.5
DeJuan Blair,WAS,29,6.2,11,3.6,0.4,2.9
Bernard James,DAL,16,9.9,10.5,4,0.7,3.2
Kendrick Perkins,CLE,17,9.9,10.4,3.7,0.6,3
James Michael McAdoo,GSW,15,9.2,10.3,4.5,0.7,3.6
Nate Wolters,MIL,11,12.9,10.3,4.4,0.9,3.5
Troy Daniels,CHA,11,12.3,10.2,4.5,0.9,3.6
Tim Frazier,PHI,5,27.2,10.1,4.5,2,3.6
Earl Barron,PHX,16,8.9,10,4.2,0.6,3.4
Jorge Gutierrez,MIL,10,12.7,9.8,4.6,1,3.7
JaMychal Green,MEM,20,7,9.8,4.2,0.5,3.4
Chris Johnson,MIL,8,16,9.6,4.5,1.2,3.6
Nate Robinson,LAC,9,14.1,9,4.3,1,3.4
Jarnell Stokes,MEM,19,6.7,9,4.2,0.5,3.4
Quincy Miller,TOTAL,10,12,8.9,4.4,0.9,3.6
Jordan Hamilton,LAC,14,8.7,8.8,4.3,0.6,3.4
Shavlik Randolph,TOTAL,21,6,8.6,4.1,0.4,3.2
Dahntay Jones,LAC,33,3.7,8.5,4.1,0.3,3.3
Elliot Williams,TOTAL,13,9.1,8.5,4.3,0.7,3.4
Dwight Buycks,LAL,6,20.5,8.4,4.1,1.4,3.3
Ekpe Udoh,LAC,33,3.9,8.4,3.9,0.3,3.1
Jameer Nelson,BOS,6,20.2,8.2,4.1,1.4,3.3
Troy Daniels,HOU,16,6.4,8,4.7,0.5,3.7
Shayne Whittington,IND,20,5.4,8,4.4,0.4,3.5
Nazr Mohammed,CHI,23,5.4,7.9,3.8,0.3,3
Brendan Haywood,CLE,22,5.4,7.8,3.9,0.4,3.1
Steve Novak,UTA,22,5,7.8,4.3,0.4,3.4
Glenn Robinson,MIN,25,4.3,7.6,4.2,0.3,3.4
Reggie Williams,SAS,20,5.3,7.6,4.4,0.4,3.5
Nate Wolters,NOP,10,10.5,7.6,4.3,0.8,3.5
Shavlik Randolph,PHX,16,6.3,6.9,4.1,0.4,3.3
Chris Douglas-Roberts,LAC,12,8.6,6.8,3.9,0.6,3.2
CJ Wilcox,LAC,21,4.8,6.8,4,0.3,3.2
Kevin Garnett,MIN,5,19.6,6.7,4.1,1.3,3.3
Earl Clark,BKN,10,9.3,6.6,4.2,0.7,3.4
Jared Cunningham,LAC,19,4.7,6.6,4.4,0.3,3.5
Shannon Brown,MIA,5,17.8,6.5,4.4,1.3,3.5
Clint Capela,HOU,12,7.5,6.5,4.3,0.5,3.5
Kenyon Martin,MIL,10,10.2,6.5,3.8,0.7,3.1
Jack Cooley,UTA,16,5.5,6.2,4.3,0.4,3.4
Paul George,IND,6,15.2,6.2,4.1,1,3.2
Steve Novak,OKC,13,6.8,6.2,4.2,0.5,3.4
A.J. Price,CLE,11,7.9,6.2,4.3,0.6,3.4
Xavier Henry,LAL,9,9.5,6.1,4.3,0.7,3.4
Lou Amundson,CLE,12,6.6,5.9,4.4,0.5,3.5
Brandan Wright,BOS,8,10.7,5.8,4,0.7,3.2
Reggie Bullock,PHX,11,6.8,5.6,4.5,0.5,3.6
Marcus Thornton,PHX,9,9,5.5,4.1,0.6,3.3
Elliot Williams,NOP,8,9.6,5.5,4.3,0.7,3.5
Zoran Dragic,TOTAL,16,4.7,5.4,4.3,0.3,3.4
Victor Claver,POR,10,7.6,5.3,4.2,0.5,3.4
Austin Daye,ATL,8,9.5,5.3,4.2,0.7,3.3
Drew Gordon,PHI,9,7.9,5.3,4.5,0.6,3.6
Vander Blue,LAL,2,36.9,5.2,4.2,2.6,3.4
Tim Frazier,POR,5,13.6,5.2,4.6,1,3.7
Jannero Pargo,CHA,9,8.2,5.1,4.2,0.6,3.3
Russ Smith,TOTAL,12,5.4,5,4.6,0.4,3.7
Will Cherry,CLE,8,8.7,4.9,4.2,0.6,3.4
Sean Kilpatrick,MIN,4,17.9,4.8,4,1.2,3.2
Ognjen Kuzmic,GSW,16,4.5,4.8,4,0.3,3.2
Quincy Miller,SAC,6,10.3,4.6,4.4,0.8,3.5
Will Bynum,WAS,7,9.5,4.5,4,0.6,3.2
Zoran Dragic,MIA,10,6.2,4.4,4.3,0.4,3.4
Greg Stiemsma,TOR,17,3.9,4.4,4,0.3,3.2
Tyler Ennis,PHX,8,7.3,4.3,4.4,0.5,3.5
Quincy Miller,DET,4,14.6,4.3,4.5,1.1,3.6
Arinze Onuaku,MIN,6,11.4,4.3,3.7,0.7,3
Alexey Shved,HOU,9,6.6,4.2,4.3,0.5,3.4
Cameron Bairstow,CHI,18,3.5,4.1,3.9,0.2,3.1
Lester Hudson,LAC,5,11.1,4,4.3,0.8,3.4
JaVale McGee,PHI,6,10.3,4,3.9,0.7,3.1
Grant Jerrett,TOTAL,8,6.4,3.6,4.3,0.5,3.4
Brandon Davies,BKN,7,6.3,3.2,4.4,0.5,3.5
Jorge Gutierrez,BKN,10,4.4,3.2,4.4,0.3,3.5
A.J. Price,PHX,5,8.7,3.2,4.3,0.6,3.5
Gal Mekel,NOP,4,10.9,3.1,4.3,0.8,3.4
Glen Rice Jr.,WAS,5,8.6,3.1,4.3,0.6,3.4
Darius Miller,NOP,5,8.7,3,4.2,0.6,3.4
Elliot Williams,UTA,5,8.4,3,4.3,0.6,3.4
Andrei Kirilenko,BKN,7,5.2,2.7,4.5,0.4,3.6
Russ Smith,MEM,6,6,2.7,4.5,0.4,3.6
Jerel McNeal,PHX,6,6.1,2.6,4.2,0.4,3.4
David Stockton,SAC,3,11.1,2.5,4.5,0.8,3.6
Ian Clark,DEN,7,4.5,2.3,4.4,0.3,3.6
KJ McDaniels,HOU,10,3.3,2.3,4.3,0.2,3.4
Russ Smith,NOP,6,4.9,2.3,4.7,0.4,3.8
Patrick Christopher,UTA,4,7.2,2.1,4.3,0.5,3.5
Grant Jerrett,UTA,3,8.7,1.9,4.3,0.6,3.4
JaMychal Green,SAS,4,6.2,1.8,4.3,0.4,3.4
Grant Jerrett,OKC,5,5,1.8,4.3,0.4,3.4
Bruno Caboclo,TOR,8,2.9,1.7,4.3,0.2,3.4
Lucas Nogueira,TOR,6,3.9,1.7,4.5,0.3,3.6
Shavlik Randolph,BOS,5,5,1.6,3.9,0.3,3.1
Miroslav Raduljica,MIN,5,4.6,1.5,3.9,0.3,3.1
Andre Dawkins,MIA,4,5.4,1.4,4,0.4,3.2
Toure' Murry,TOTAL,5,3.6,1.4,4.6,0.3,3.7
Gigi Datome,DET,3,5.8,1.3,4.5,0.4,3.6
Toure' Murry,WAS,4,4.3,1.3,4.6,0.3,3.7
Adreian Payne,ATL,3,6.4,1.3,4.1,0.4,3.3
Zoran Dragic,PHX,6,2.2,1,4.3,0.2,3.4
Jamaal Franklin,DEN,3,4.4,1,4.5,0.3,3.6
Alex Kirk,CLE,5,2.8,0.9,4,0.2,3.2
Ricky Ledo,DAL,5,2.2,0.8,4.3,0.2,3.4
Julius Randle,LAL,1,13.6,0.8,3.7,0.8,3
Dwight Powell,BOS,5,1.9,0.7,4.5,0.1,3.6
Seth Curry,PHX,2,3.9,0.6,4.4,0.3,3.5
Ronny Turiaf,MIN,1,9.8,0.6,3.6,0.6,2.9
David Wear,SAC,2,3.5,0.5,4.4,0.3,3.6
Kalin Lucas,MEM,1,5.6,0.4,4.3,0.4,3.5
Tyrus Thomas,MEM,2,3.3,0.4,3.6,0.2,2.9
Jerrelle Benimon,UTA,2,1.4,0.2,3.7,0.1,3
Eric Moreland,SAC,3,0.7,0.2,4.6,0.1,3.7
Sim Bhullar,SAC,3,0.9,0.1,3.1,0,2.5
Malcolm Lee,PHI,1,2,0.1,4.1,0.1,3.3
Toure' Murry,UTA,1,1.1,0.1,4.4,0.1,3.5
,,,,,,,
,,,,,,,
,,,,,,,
,,,,,,,
,,,,,,,
,,,,,,,
,,,,,,,
Player,Team,GP,MIN per game,DIST,Average Speed,Distance Traveled,Distance Traveled
,,,,,(mph),Per Game (miles),Per 48 Minutes (miles)
Nicolas Batum,POR,82,36.2,216,4.4,2.6,3.5
Monta Ellis,DAL,82,37,208.2,4.1,2.5,3.3
Damian Lillard,POR,82,36,207.5,4.2,2.5,3.4
Paul George,IND,80,36.4,203.9,4.2,2.5,3.4
DeMar DeRozan,TOR,78,38.4,202.6,4.1,2.6,3.2
Kevin Durant,OKC,81,38.9,202.6,3.9,2.5,3.1
Klay Thompson,GSW,80,35.6,199.7,4.2,2.5,3.4
Wesley Matthews,POR,82,34.1,199.2,4.3,2.4,3.4
Chandler Parsons,HOU,74,37.8,198.9,4.3,2.7,3.4
Gordon Hayward,UTA,77,36.5,198.8,4.2,2.6,3.4
John Wall,WAS,81,36.6,198.2,4,2.4,3.2
Stephen Curry,GSW,77,36.7,197.3,4.2,2.6,3.4
Thaddeus Young,PHI,79,34.5,195.1,4.3,2.5,3.4
Joakim Noah,CHI,80,35.4,195.1,4.1,2.4,3.3
Ricky Rubio,MIN,82,32.4,193.4,4.4,2.4,3.5
Brandon Jennings,DET,80,34.4,193.4,4.2,2.4,3.4
Mike Dunleavy,CHI,82,31.7,192.9,4.5,2.4,3.6
Goran Dragic,PHX,76,35.4,192.9,4.3,2.5,3.4
Tristan Thompson,CLE,82,31.8,190.8,4.4,2.3,3.5
Blake Griffin,LAC,80,36.1,186.6,3.9,2.3,3.1
Kyle Lowry,TOR,78,36.4,186,3.9,2.4,3.1
Jeff Green,BOS,82,34.5,185.8,3.9,2.3,3.2
LeBron James,MIA,77,38,185.3,3.8,2.4,3
DeAndre Jordan,LAC,82,35.3,185.2,3.8,2.3,3.1
Jodie Meeks,LAL,77,33.4,185.1,4.3,2.4,3.5
Carmelo Anthony,NYK,77,38.9,184.2,3.7,2.4,2.9
Michael Carter-Williams,PHI,70,34.6,183.9,4.6,2.6,3.6
Trevor Ariza,WAS,76,35.6,180.6,4,2.4,3.2
Marcin Gortat,WAS,80,32.9,180.3,4.1,2.3,3.3
Serge Ibaka,OKC,81,33.2,180.3,4,2.2,3.2
Kemba Walker,CHA,72,36,179.9,4.2,2.5,3.3
Jimmy Butler,CHI,67,38.7,179.5,4.2,2.7,3.3
Kevin Love,MIN,77,36.5,179.1,3.8,2.3,3.1
Corey Brewer,MIN,81,32.4,178.9,4.1,2.2,3.3
Robin Lopez,POR,82,31.9,178.8,4.1,2.2,3.3
Gerald Henderson,CHA,76,32.2,178.7,4.4,2.4,3.5
Andre Drummond,DET,81,32.5,178.3,4.1,2.2,3.2
Bradley Beal,WAS,72,34.7,177.8,4.3,2.5,3.4
Jose Calderon,DAL,81,30.6,177.4,4.3,2.2,3.4
Lance Stephenson,IND,78,35.4,177,3.8,2.3,3.1
Greg Monroe,DET,82,33.1,176.4,3.9,2.2,3.1
Kyle Singler,DET,82,28.7,175.8,4.5,2.1,3.6
Arron Afflalo,ORL,73,35.1,175.6,4.1,2.4,3.3
Victor Oladipo,ORL,80,31.2,174.4,4.2,2.2,3.3
Kyrie Irving,CLE,71,35.3,173.2,4.1,2.4,3.3
Zach Randolph,MEM,79,34.4,172.7,3.8,2.2,3
Randy Foye,DEN,81,30.9,171.9,4.1,2.1,3.3
Khris Middleton,MIL,81,30.3,171.7,4.2,2.1,3.4
Mike Conley,MEM,73,33.7,171.7,4.2,2.4,3.4
Spencer Hawes,TOTAL,80,31,171.6,4.2,2.1,3.3
Brandon Knight,MIL,72,33.5,170.9,4.2,2.4,3.4
Kyle Korver,ATL,70,34.2,170.9,4.3,2.4,3.4
Rudy Gay,TOTAL,72,34.8,170.1,4.1,2.4,3.3
James Anderson,PHI,80,28.9,170,4.4,2.1,3.5
Evan Turner,TOTAL,81,30.4,169.9,4.1,2.1,3.3
James Harden,HOU,73,38.3,169.4,3.6,2.3,2.9
Josh Smith,DET,77,35.7,169.1,3.7,2.2,3
PJ Tucker,PHX,81,30.9,168.5,4,2.1,3.2
Paul Millsap,ATL,73,33.7,168.1,4.1,2.3,3.3
Joe Johnson,BKN,78,32.7,167,3.9,2.1,3.1
Isaiah Thomas,SAC,71,34.9,166.7,4,2.3,3.2
Shawn Marion,DAL,76,31.8,166.6,4.1,2.2,3.3
LaMarcus Aldridge,POR,69,36.4,165,3.9,2.4,3.2
George Hill,IND,76,32.2,164.9,4,2.2,3.2
Dirk Nowitzki,DAL,80,33,164.4,3.7,2.1,3
Ben McLemore,SAC,81,27,163.2,4.5,2,3.6
Josh McRoberts,CHA,77,30.4,162.7,4.2,2.1,3.3
Jeff Teague,ATL,78,32.4,162.3,3.9,2.1,3.1
Gerald Green,PHX,82,28.5,161.9,4.1,2,3.3
Trey Burke,UTA,70,32.4,161.8,4.3,2.3,3.4
Anthony Davis,NOP,67,35.4,160.2,4.1,2.4,3.2
J.R. Smith,NYK,74,32.9,159.3,3.9,2.2,3.1
Kirk Hinrich,CHI,73,29.1,159.2,4.5,2.2,3.6
Chris Bosh,MIA,79,32.3,159,3.7,2,3
DeMarre Carroll,ATL,73,32.3,158.4,4,2.2,3.2
Harrison Barnes,GSW,77,28.3,157.7,4.3,2,3.5
Al Jefferson,CHA,72,35.2,157.5,3.7,2.2,3
Wesley Johnson,LAL,79,28.5,156.1,4.2,2,3.3
Jonas Valanciunas,TOR,80,28.4,155.4,4.1,1.9,3.3
Alec Burks,UTA,78,28.2,155.4,4.2,2,3.4
Roy Hibbert,IND,81,29.9,155,3.8,1.9,3.1
Reggie Jackson,OKC,80,28.7,154.8,4,1.9,3.2
Taj Gibson,CHI,82,28.8,154.8,3.9,1.9,3.2
Jarrett Jack,CLE,80,28.3,154.7,4.1,1.9,3.3
Terrence Ross,TOR,80,26.8,153.8,4.3,1.9,3.4
David Lee,GSW,68,33.3,153.3,4.1,2.3,3.2
Kenneth Faried,DEN,80,27.4,153,4.2,1.9,3.4
Dwight Howard,HOU,71,34,152.5,3.8,2.1,3
Luol Deng,TOTAL,63,35.3,152.2,4.1,2.4,3.3
Derrick Favors,UTA,73,30.3,151.3,4.1,2.1,3.3
Tony Parker,SAS,68,29.5,151.3,4.5,2.2,3.6
Ramon Sessions,TOTAL,83,26.8,151.1,4.1,1.8,3.3
Brandon Bass,BOS,82,27.9,150.8,4,1.8,3.2
David West,IND,80,31,150.7,3.6,1.9,2.9
Darren Collison,LAC,80,26.1,149.3,4.3,1.9,3.4
Marco Belinelli,SAS,80,25.4,149.1,4.4,1.9,3.5
Channing Frye,PHX,82,28.3,149.1,3.8,1.8,3.1
Al-Farouq Aminu,NOP,80,25.7,148.9,4.3,1.9,3.5
Ty Lawson,DEN,62,36.1,147.9,4,2.4,3.2
Amir Johnson,TOR,76,28.8,147.7,4,1.9,3.2
Richard Jefferson,UTA,82,27.1,147.1,4,1.8,3.2
Jeremy Lin,HOU,71,29.1,146.2,4.2,2.1,3.4
Terrence Jones,HOU,76,27.5,145.9,4.2,1.9,3.4
Chris Paul,LAC,62,35.3,144.9,4,2.3,3.2
Dion Waiters,CLE,70,29.9,144.8,4.2,2.1,3.3
Kevin Martin,MIN,68,32.1,144.5,4,2.1,3.2
Mario Chalmers,MIA,73,30,144.4,4,2,3.2
Martell Webster,WAS,77,27.8,144.4,4,1.9,3.2
Norris Cole,MIA,82,24.8,144.3,4.3,1.8,3.4
DeMarcus Cousins,SAC,70,32.8,143.4,3.8,2,3
Enes Kanter,UTA,80,26.8,143.2,4,1.8,3.2
Kawhi Leonard,SAS,66,29.3,143.2,4.4,2.2,3.6
Maurice Harkless,ORL,80,24.5,141.8,4.3,1.8,3.5
Jameer Nelson,ORL,68,32.2,141.8,3.9,2.1,3.1
Deron Williams,BKN,64,32.3,141.4,4.1,2.2,3.3
Andre Iguodala,GSW,63,32.5,140.8,4.1,2.2,3.3
Eric Gordon,NOP,64,32.3,140.7,4.1,2.2,3.3
Boris Diaw,SAS,79,25.2,140.4,4.2,1.8,3.4
Miles Plumlee,PHX,80,24.7,139.7,4.2,1.7,3.4
Jamal Crawford,LAC,69,30.6,139.6,4,2,3.2
Iman Shumpert,NYK,74,26.6,138.9,4.2,1.9,3.4
Courtney Lee,TOTAL,79,25.1,138.9,4.2,1.8,3.4
Jason Thompson,SAC,81,24.5,138.8,4.2,1.7,3.4
Tim Duncan,SAS,74,29.3,138.5,3.8,1.9,3.1
Giannis Antetokounmpo,MIL,76,24.9,137.5,4.4,1.8,3.5
Tyreke Evans,NOP,72,28.3,136.8,4,1.9,3.2
Shaun Livingston,BKN,75,26.1,136.5,4.2,1.8,3.3
D.J. Augustin,TOTAL,70,27.6,136,4.2,1.9,3.4
Raymond Felton,NYK,65,31.2,136,4,2.1,3.2
Ray Allen,MIA,73,26.8,135.1,4.1,1.9,3.3
Avery Bradley,BOS,60,31.2,134.3,4.3,2.2,3.4
Wilson Chandler,DEN,62,31.2,134.3,4.2,2.2,3.3
Markieff Morris,PHX,81,26.7,134.2,3.7,1.7,3
Jared Sullinger,BOS,74,27.8,133,3.9,1.8,3.1
Timofey Mozgov,DEN,82,21.7,131.7,4.4,1.6,3.5
Tayshaun Prince,MEM,76,25.7,131.4,4,1.7,3.2
Carlos Boozer,CHI,76,28.3,131.4,3.7,1.7,2.9
Tobias Harris,ORL,61,30.5,131.3,4.2,2.2,3.4
Anderson Varejao,CLE,65,27.9,131.2,4.3,2,3.5
D.J. Augustin,CHI,61,30.5,131.1,4.2,2.1,3.4
Evan Turner,PHI,54,35,131.1,4.2,2.4,3.3
JJ Hickson,DEN,69,27.1,131,4.2,1.9,3.4
Vince Carter,DAL,81,24.4,131,4,1.6,3.2
Patrick Beverley,HOU,56,31.5,130,4.4,2.3,3.5
Mo Williams,POR,74,24.9,129.6,4.2,1.8,3.4
Hollis Thompson,PHI,77,22.7,129.2,4.4,1.7,3.5
Rudy Gay,SAC,55,34.6,128.8,4.1,2.3,3.3
Rodney Stuckey,DET,73,26.9,127.3,3.9,1.7,3.1
Matt Barnes,LAC,63,27.8,126.3,4.3,2,3.5
Danny Green,SAS,68,24.4,126.3,4.6,1.9,3.7
Tim Hardaway Jr.,NYK,81,23.3,126.2,4,1.6,3.2
Tony Wroten,PHI,72,24.6,126.1,4.3,1.8,3.4
Paul Pierce,BKN,74,28.1,124.8,3.6,1.7,2.9
John Henson,MIL,69,26.7,124.7,4.1,1.8,3.3
Greivis Vasquez,TOTAL,78,22.7,124.4,4.2,1.6,3.4
Pau Gasol,LAL,60,31.6,123.5,3.9,2.1,3.1
Nick Young,LAL,64,28.5,123.3,4.1,1.9,3.2
Marcus Morris,PHX,82,22.1,123.1,4.1,1.5,3.3
Jordan Crawford,TOTAL,81,23.1,123.1,3.9,1.5,3.2
Jared Dudley,LAC,74,23.5,122.7,4.2,1.7,3.4
Patty Mills,SAS,81,19,122,4.8,1.5,3.8
Derrick Williams,TOTAL,77,23.5,121.9,4,1.6,3.2
Brian Roberts,NOP,72,23.3,121.4,4.3,1.7,3.5
Draymond Green,GSW,81,22.1,120.9,4.1,1.5,3.2
Marc Gasol,MEM,59,33.5,120.8,3.7,2,2.9
Nikola Vucevic,ORL,57,31.9,120.3,4,2.1,3.2
Dwyane Wade,MIA,54,33.1,120,4,2.2,3.2
Dante Cunningham,MIN,81,20.3,119.6,4.4,1.5,3.5
Mike Miller,MEM,82,21,119.3,4.2,1.5,3.3
Spencer Hawes,PHI,53,31.5,116.8,4.2,2.2,3.4
Alan Anderson,BKN,77,22.8,115.9,4,1.5,3.2
Marcus Thornton,TOTAL,71,24.3,115.6,4,1.6,3.2
Jerryd Bayless,TOTAL,72,23.6,113.9,4,1.6,3.2
Andrew Bogut,GSW,66,26.6,112.8,3.9,1.7,3.1
Samuel Dalembert,DAL,80,20.2,112.6,4.2,1.4,3.3
John Salmons,TOTAL,77,22.2,111.3,3.9,1.4,3.1
Shelvin Mack,ATL,72,20.5,111.2,4.5,1.5,3.6
Kentavious Caldwell-Pope,DET,80,19.9,111,4.2,1.4,3.3
Thabo Sefolosha,OKC,61,26.2,111,4.2,1.8,3.3
Derrick Williams,SAC,66,24.9,111,4,1.7,3.2
Marvin Williams,UTA,66,25.5,110.7,4,1.7,3.2
Evan Fournier,DEN,76,20,110.3,4.4,1.5,3.5
Steve Blake,TOTAL,55,27.4,109.9,4.4,2,3.5
Trevor Booker,WAS,71,21.6,109.7,4.3,1.5,3.4
Nikola Pekovic,MIN,54,31,109,3.9,2,3.1
Aaron Brooks,TOTAL,72,21.8,108.6,4.2,1.5,3.3
Michael Kidd-Gilchrist,CHA,61,24.1,108.6,4.4,1.8,3.5
Manu Ginobili,SAS,68,23,107.7,4.1,1.6,3.3
Kendall Marshall,LAL,54,29.1,107.7,4.1,2,3.3
Jeremy Lamb,OKC,78,19.9,107.6,4.2,1.4,3.3
E'Twaun Moore,ORL,79,19.1,107.3,4.3,1.4,3.4
Glen Davis,TOTAL,68,24.6,107.3,3.9,1.6,3.1
Tyson Chandler,NYK,55,30.4,106.1,3.8,1.9,3.1
Cody Zeller,CHA,81,17.4,105.8,4.5,1.3,3.6
Jordan Hill,LAL,72,20.9,105.2,4.2,1.5,3.3
Shane Battier,MIA,73,20.2,105,4.3,1.4,3.4
Mike Scott,ATL,79,18.5,105,4.3,1.3,3.4
Jose Juan Barea,MIN,79,18.7,104.9,4.3,1.3,3.4
Courtney Lee,MEM,49,30.1,102.9,4.2,2.1,3.4
Patrick Patterson,TOTAL,64,23.7,102.8,4.1,1.6,3.3
Andray Blatche,BKN,72,22.1,102.4,3.9,1.4,3.1
Luis Scola,IND,82,17.1,101.6,4.3,1.2,3.5
Nene,WAS,53,29.6,101.5,3.9,1.9,3.1
Kelly Olynyk,BOS,70,20.2,100.8,4.3,1.4,3.4
Nick Collison,OKC,81,16.8,100.1,4.4,1.2,3.5
Russell Westbrook,OKC,46,31,98.6,4.2,2.1,3.3
Ersan Ilyasova,MIL,54,27.1,97.5,4,1.8,3.2
Anthony Morrow,NOP,76,18.9,97.4,4.1,1.3,3.3
Eric Bledsoe,PHX,43,33,95.6,4,2.2,3.2
Kosta Koufos,MEM,80,17,95.5,4.2,1.2,3.4
Kris Humphries,BOS,69,20.1,95.3,4.1,1.4,3.3
Chris Andersen,MIA,72,19.5,95.3,4.1,1.3,3.2
Pablo Prigioni,NYK,66,19.5,95,4.4,1.4,3.5
Mirza Teletovic,BKN,71,19.4,94.8,4.1,1.3,3.3
Omri Casspi,HOU,71,18.2,94.6,4.4,1.3,3.5
Derek Fisher,OKC,81,17.8,94.5,3.9,1.2,3.1
Gerald Wallace,BOS,58,24.6,94.5,4,1.6,3.2
Amar'e Stoudemire,NYK,65,22.7,94.1,3.8,1.4,3.1
Matthew Dellavedova,CLE,72,17.8,93.9,4.4,1.3,3.5
Luol Deng,CLE,40,34,93.2,4.1,2.3,3.3
Austin Rivers,NOP,69,19.5,93,4.1,1.3,3.3
Ryan Kelly,LAL,59,22.4,92.8,4.2,1.6,3.4
Greivis Vasquez,TOR,61,21.6,92.4,4.2,1.5,3.4
Nate Wolters,MIL,57,22.4,92.4,4.3,1.6,3.5
Louis Williams,ATL,59,24.2,92.2,3.9,1.6,3.1
Tiago Splitter,SAS,59,21.7,91.7,4.3,1.6,3.4
Mason Plumlee,BKN,69,18.5,91,4.3,1.3,3.4
Elton Brand,ATL,72,19.5,90.8,3.9,1.3,3.1
Anthony Tolliver,CHA,63,20.5,90.4,4.2,1.4,3.4
Ramon Sessions,CHA,55,23.8,89.9,4.1,1.6,3.3
Jae Crowder,DAL,78,16.1,89.3,4.3,1.1,3.4
Tony Allen,MEM,55,23.3,89,4.2,1.6,3.3
Jeremy Evans,UTA,66,18.4,88.4,4.4,1.3,3.5
Caron Butler,TOTAL,55,25.5,88.4,3.8,1.6,3
Nick Calathes,MEM,71,16.6,87.6,4.5,1.2,3.6
O.J. Mayo,MIL,51,25.9,87.3,4,1.7,3.2
Glen Davis,ORL,45,30.2,86.9,3.8,1.9,3.1
Steven Adams,OKC,81,14.9,86.2,4.3,1.1,3.4
CJ Watson,IND,63,19,86,4.3,1.4,3.4
Tony Snell,CHI,77,16,85.1,4.1,1.1,3.3
Zaza Pachulia,MIL,52,25.3,84.9,3.9,1.6,3.1
Elliot Williams,PHI,67,17.4,84,4.3,1.3,3.5
Ian Mahinmi,IND,77,16.3,83.6,4,1.1,3.2
John Salmons,TOR,60,21.4,83.1,3.9,1.4,3.1
Jrue Holiday,NOP,34,33.8,82.4,4.3,2.4,3.4
Luke Ridnour,TOTAL,60,18.9,81.9,4.3,1.4,3.5
Phil Pressey,BOS,75,15.2,81.6,4.3,1.1,3.4
Andrew Nicholson,ORL,76,15.5,80.9,4.1,1.1,3.3
Jordan Crawford,BOS,39,31,79.6,3.9,2,3.2
Kyle O'Quinn,ORL,69,17.3,79.4,4,1.2,3.2
Kendrick Perkins,OKC,62,19.6,79.2,3.9,1.3,3.1
DeJuan Blair,DAL,78,15.6,78.9,3.9,1,3.1
Darrell Arthur,DEN,68,17.2,78.8,4,1.2,3.2
Andrea Bargnani,NYK,42,30.1,78.5,3.7,1.9,3
Ish Smith,PHX,70,14.5,77.5,4.6,1.1,3.7
Travis Outlaw,SAC,63,17,77.2,4.3,1.2,3.5
Alonzo Gee,CLE,65,15.7,76.6,4.5,1.2,3.6
Patrick Patterson,TOR,48,23.4,76.1,4.1,1.6,3.3
Diante Garrett,UTA,71,14.8,76,4.3,1.1,3.5
Lavoy Allen,TOTAL,65,16.6,75.7,4.2,1.2,3.4
JJ Redick,LAC,35,28.4,75.5,4.6,2.2,3.6
Tyler Zeller,CLE,70,15.1,75.5,4.3,1.1,3.4
Robert Sacre,LAL,65,16.9,75.3,4.1,1.2,3.3
Gary Neal,TOTAL,51,21.4,74.2,4.1,1.5,3.3
Marcus Thornton,SAC,45,24.4,74.1,4,1.6,3.2
Jordan Hamilton,TOTAL,60,17.1,73.4,4.3,1.2,3.4
Bismack Biyombo,CHA,76,14,73.3,4.1,1,3.3
Kevin Garnett,BKN,53,20.7,73.1,4,1.4,3.2
Francisco Garcia,HOU,55,19.8,73.1,4,1.3,3.2
Cory Joseph,SAS,68,13.9,73,4.6,1.1,3.7
Brandan Wright,DAL,58,18.7,71.5,4,1.2,3.2
Will Bynum,DET,56,18.9,71,4,1.3,3.2
Donatas Motiejunas,HOU,62,15.5,70.8,4.4,1.1,3.5
Greg Stiemsma,NOP,55,18.4,70.1,4.2,1.3,3.3
Chris Douglas-Roberts,CHA,48,20.9,70,4.2,1.5,3.4
Dorell Wright,POR,68,14.6,69.6,4.2,1,3.4
Rashard Lewis,MIA,60,16.3,69.3,4.2,1.2,3.4
Jerryd Bayless,BOS,41,25.5,69.1,4,1.7,3.2
CJ Miles,CLE,51,19.3,68.7,4.2,1.3,3.3
Luc Mbah a Moute,TOTAL,64,15.7,68.2,4.1,1.1,3.3
Lavoy Allen,PHI,51,19,68.2,4.2,1.3,3.4
Ed Davis,MEM,63,15.3,68.2,4.2,1.1,3.4
Jeff Ayres,SAS,73,13.1,67.8,4.2,0.9,3.4
Tyler Hansbrough,TOR,63,15.4,67.6,4.2,1.1,3.4
James Johnson,MEM,52,18.5,67.4,4.2,1.3,3.4
Jordan Farmar,LAL,41,22.4,67.2,4.4,1.6,3.5
Xavier Henry,LAL,43,21.2,67.2,4.4,1.6,3.5
Kent Bazemore,TOTAL,67,13.7,67.1,4.4,1,3.5
Alexis Ajinca,NOP,56,17.1,66.8,4.2,1.2,3.4
Steve Blake,LAL,27,33.2,66.2,4.4,2.5,3.5
Ray McCallum,SAC,45,20,66.2,4.4,1.5,3.5
Rajon Rondo,BOS,30,33.6,65.2,3.9,2.2,3.1
Marreese Speights,GSW,78,12.6,64.6,4,0.8,3.2
Al Horford,ATL,29,33.1,64.1,4,2.2,3.2
Omer Asik,HOU,48,20.3,63.2,3.9,1.3,3.1
Jeff Adrien,TOTAL,53,18.2,62.7,3.9,1.2,3.1
Thomas Robinson,POR,70,12.5,62.5,4.3,0.9,3.4
Cartier Martin,TOTAL,59,14.7,62,4.3,1.1,3.4
Pero Antic,ATL,49,18.5,62,4.1,1.3,3.3
Willie Green,LAC,55,15.9,61.8,4.2,1.1,3.4
Quincy Acy,TOTAL,63,13.5,61.7,4.4,1,3.5
Nate Robinson,DEN,44,19.8,61.3,4.2,1.4,3.4
Andre Miller,TOTAL,57,17,61.3,3.8,1.1,3
Ramon Sessions,MIL,28,32.7,61.2,4,2.2,3.2
Henry Sims,TOTAL,46,19.1,61,4.2,1.3,3.3
Chris Johnson,BOS,40,19.9,60.8,4.6,1.5,3.7
Reggie Evans,TOTAL,54,16.7,60.7,4,1.1,3.2
Andrei Kirilenko,BKN,44,19,59.6,4.3,1.4,3.4
Luol Deng,CHI,23,37.5,59.1,4.1,2.6,3.3
Jason Smith,NOP,31,26.8,58.9,4.2,1.9,3.4
Michael Beasley,MIA,55,15.3,58.7,4.2,1.1,3.4
Cartier Martin,ATL,53,15.5,58.6,4.3,1.1,3.4
Aaron Brooks,DEN,29,29.2,58.4,4.1,2,3.3
Jan Vesely,TOTAL,54,14.5,58.1,4.5,1.1,3.6
Danny Granger,TOTAL,41,20.8,57.3,4,1.4,3.2
Quincy Acy,SAC,56,14.1,57.2,4.4,1,3.5
Quincy Miller,DEN,52,15.3,57,4.3,1.1,3.4
Shawne Williams,LAL,36,21.1,56.8,4.5,1.6,3.6
Earl Clark,TOTAL,54,14.3,56.5,4.4,1,3.5
Devin Harris,DAL,40,20.5,55.8,4.1,1.4,3.3
Jermaine O'Neal,GSW,43,20.2,55.4,3.8,1.3,3.1
Spencer Hawes,CLE,27,29.9,54.9,4.1,2,3.3
Gorgui Dieng,MIN,60,13.7,54.8,4,0.9,3.2
Luke Ridnour,MIL,36,21.3,54.7,4.3,1.5,3.4
Jonas Jerebko,DET,64,11.7,54.4,4.4,0.8,3.5
Luc Mbah a Moute,MIN,55,14.7,54.2,4,1,3.2
Perry Jones,OKC,62,12.4,53.8,4.2,0.9,3.3
Ryan Anderson,NOP,22,36.4,53.4,4,2.4,3.2
Ekpe Udoh,MIL,42,19.3,53.3,4,1.3,3.2
Toney Douglas,TOTAL,51,13.3,52.3,4.6,1,3.7
Earl Clark,CLE,45,15.6,51.4,4.4,1.1,3.5
Chase Budinger,MIN,41,18.4,51.3,4.1,1.3,3.3
Chris Kaman,LAL,39,19,51.3,4.2,1.3,3.3
Joel Freeland,POR,52,14,51.1,4.2,1,3.4
Matt Bonner,SAS,61,11.4,50.8,4.4,0.8,3.5
Caron Butler,MIL,33,24.3,50.6,3.8,1.5,3
Aaron Brooks,HOU,43,16.8,50.2,4.2,1.2,3.3
Jeff Withey,NOP,58,11.9,49.6,4.3,0.9,3.5
Henry Sims,PHI,26,27.3,49,4.1,1.9,3.3
Robbie Hummel,MIN,53,12.5,48.9,4.4,0.9,3.6
Doron Lamb,ORL,53,13.2,48.3,4.1,0.9,3.3
Jordan Hamilton,DEN,39,17.3,48.1,4.3,1.2,3.4
Darius Miller,NOP,45,16.2,48,4,1.1,3.2
Charles Hayes,TOTAL,60,12.2,47.8,3.9,0.8,3.1
Alexey Shved,MIN,63,10.6,47.7,4.3,0.8,3.4
Beno Udrih,TOTAL,41,15.8,47.5,4.4,1.2,3.5
Anthony Bennett,CLE,52,12.8,47.2,4.2,0.9,3.4
Garrett Temple,WAS,74,8.7,47.2,4.4,0.6,3.5
Kent Bazemore,LAL,23,28.2,47.2,4.4,2.1,3.5
Jon Leuer,MEM,49,13.2,46.9,4.4,1,3.5
Dennis Schroder,ATL,48,13,46.6,4.5,1,3.6
Jeff Taylor,CHA,26,24.4,46,4.3,1.8,3.5
Jeff Adrien,MIL,28,25.3,45.8,3.9,1.6,3.1
Jerryd Bayless,MEM,31,21.1,44.8,4.1,1.4,3.3
Danny Granger,IND,29,22.7,44.1,4,1.5,3.2
John Lucas III,UTA,42,14.1,43.9,4.5,1,3.6
Brandon Davies,PHI,51,11.3,43.8,4.5,0.9,3.6
Steve Blake,GSW,28,21.9,43.7,4.3,1.6,3.4
Jordan Crawford,GSW,42,15.8,43.5,3.9,1,3.1
Udonis Haslem,MIA,46,14.3,43.4,4,0.9,3.2
Beno Udrih,NYK,31,19.1,43.3,4.4,1.4,3.5
Marcus Thornton,BKN,26,23.9,41.5,4,1.6,3.2
Rudy Gay,TOR,17,35.6,41.2,4.1,2.4,3.3
Kevin Seraphin,WAS,53,11,41.1,4.2,0.8,3.4
Gary Neal,MIL,29,20.1,39.2,4,1.3,3.2
Nando De Colo,TOTAL,47,10.6,39.1,4.7,0.8,3.8
Archie Goodwin,PHX,52,10.3,39.1,4.4,0.8,3.5
Kenyon Martin,NYK,32,19.9,39.1,3.7,1.2,2.9
Steve Novak,TOR,54,10,38.8,4.3,0.7,3.4
Evan Turner,IND,27,21.2,38.8,4.1,1.4,3.2
Ronny Turiaf,MIN,31,19.5,37.8,3.8,1.2,3
Caron Butler,OKC,22,27.4,37.8,3.8,1.7,3
Larry Sanders,MIL,22,25.7,37.4,4,1.7,3.2
Jason Terry,BKN,34,16.1,37.4,4.1,1.1,3.3
Jimmer Fredette,TOTAL,49,10.7,37.3,4.3,0.8,3.4
Shane Larkin,DAL,48,10.2,37.2,4.5,0.8,3.6
Charles Hayes,TOR,45,12.8,37.1,3.9,0.8,3.1
Anthony Randolph,DEN,43,12.3,36.6,4.1,0.9,3.3
Courtney Lee,BOS,30,16.9,36,4.2,1.2,3.4
Andre Miller,DEN,30,19.1,35.5,3.7,1.2,3
CJ McCollum,POR,38,12.6,35.4,4.4,0.9,3.5
Nazr Mohammed,CHI,80,7.1,35.3,3.8,0.4,3
Gary Neal,CHA,22,23.1,35.1,4.1,1.6,3.3
Jan Vesely,WAS,33,14.3,35,4.4,1.1,3.6
Aron Baynes,SAS,53,9.3,34.8,4.2,0.7,3.4
Ryan Hollins,LAC,61,8,34.3,4.2,0.6,3.4
Reggie Evans,SAC,24,20.9,34,4.1,1.4,3.3
Jason Maxiell,ORL,34,14.4,33.9,4.2,1,3.3
Luke Babbitt,NOP,27,17.6,33.9,4.3,1.3,3.4
Brook Lopez,BKN,17,31.5,33.6,3.8,2,3
Vitor Faverani,BOS,37,13.3,33.3,4.1,0.9,3.2
Jimmer Fredette,SAC,41,11.4,33.2,4.3,0.8,3.4
Al Harrington,WAS,33,15.1,32.6,3.9,1,3.1
Greivis Vasquez,SAC,17,26.7,32,4.2,1.9,3.4
Toney Douglas,MIA,27,15.3,31.4,4.6,1.2,3.6
Miroslav Raduljica,MIL,48,9.7,31.4,4,0.7,3.2
Andrew Bynum,TOTAL,26,19.7,31.1,3.6,1.2,2.9
Rudy Gobert,UTA,45,9.7,30.7,4.2,0.7,3.4
Andre Roberson,OKC,40,10,30.5,4.6,0.8,3.6
Gustavo Ayon,ATL,25,16.9,29.8,4.2,1.2,3.4
Brandon Rush,UTA,38,11.1,29.1,4.2,0.8,3.3
Andrew Bynum,CLE,24,19.8,28.9,3.6,1.2,2.9
Will Barton,POR,41,9.5,28.9,4.5,0.7,3.6
Marquis Teague,TOTAL,40,11.1,28.8,3.9,0.7,3.1
Wayne Ellington,DAL,45,8.7,28.5,4.3,0.6,3.5
Byron Mullens,TOTAL,45,9.3,28.4,4.1,0.6,3.3
Dewayne Dedmon,TOTAL,31,12.7,28.2,4.3,0.9,3.4
John Salmons,SAC,17,24.8,28.1,4,1.7,3.2
Reggie Bullock,LAC,43,9.3,28.1,4.2,0.7,3.4
Donald Sloan,IND,48,8.2,27.8,4.2,0.6,3.4
Ronnie Price,ORL,31,12.2,27.7,4.4,0.9,3.5
Toure Murry,NYK,51,7.4,27.7,4.4,0.5,3.5
Hedo Turkoglu,LAC,38,10.4,27.4,4.2,0.7,3.3
Luke Ridnour,CHA,24,15.3,27.3,4.4,1.1,3.6
Orlando Johnson,TOTAL,45,8.8,27,4.1,0.6,3.3
Patrick Patterson,SAC,16,24.4,26.7,4.1,1.7,3.3
Reggie Evans,BKN,30,13.4,26.6,4,0.9,3.2
Jeremy Tyler,NYK,41,9.8,26.5,4,0.6,3.2
Rasual Butler,IND,50,7.6,26.1,4.1,0.5,3.3
Alex Len,PHX,42,8.7,26,4.3,0.6,3.4
Andre Miller,WAS,27,14.7,25.8,3.9,1,3.1
Metta World Peace,NYK,29,13.4,25.6,3.9,0.9,3.2
Drew Gooden,WAS,21,17.9,25.6,4.1,1.2,3.3
Leandro Barbosa,PHX,20,18.5,25.6,4.1,1.3,3.3
Jordan Hamilton,HOU,21,16.7,25.4,4.3,1.2,3.5
Meyers Leonard,POR,40,8.9,25.2,4.2,0.6,3.4
Aaron Gray,TOTAL,36,9.8,24.3,4.2,0.7,3.3
Darius Morris,TOTAL,27,11.7,24.1,4.6,0.9,3.7
Nando De Colo,SAS,26,11.7,24,4.7,0.9,3.8
Orlando Johnson,IND,38,9.1,23.6,4.1,0.6,3.3
Eric Maynor,TOTAL,31,10.6,23.6,4.3,0.8,3.4
Otto Porter,WAS,37,8.6,23.4,4.4,0.6,3.5
Aaron Gray,SAC,33,10.2,23.4,4.2,0.7,3.3
Steve Nash,LAL,15,21,23.2,4.4,1.5,3.5
Jan Vesely,DEN,21,14.7,23.1,4.5,1.1,3.6
Jarvis Varnado,TOTAL,24,14.2,22.9,4,1,3.2
Jarvis Varnado,PHI,23,14.8,22.8,4,1,3.2
Derrick Rose,CHI,10,31,22.6,4.4,2.3,3.5
MarShon Brooks,TOTAL,35,9.1,22.4,4.2,0.6,3.4
Cole Aldrich,NYK,46,7.2,22,4,0.5,3.2
Gal Mekel,DAL,31,9.5,21.9,4.5,0.7,3.6
Landry Fields,TOR,29,10.2,21.6,4.4,0.7,3.5
Josh Harrellson,DET,32,10,21.3,4,0.7,3.2
Shabazz Muhammad,MIN,37,7.9,21,4.3,0.6,3.4
Toney Douglas,GSW,24,11.1,20.9,4.7,0.9,3.8
Glen Davis,LAC,23,13.5,20.3,3.9,0.9,3.2
Chauncey Billups,DET,19,16.4,20.2,3.9,1.1,3.1
Kent Bazemore,GSW,44,6.1,19.9,4.4,0.5,3.5
Ben Gordon,CHA,19,14.8,19.6,4.2,1,3.4
Quincy Pondexter,MEM,15,18.1,18.9,4.2,1.3,3.3
Isaiah Canaan,HOU,22,11.4,18.4,4.4,0.8,3.5
Shannon Brown,TOTAL,29,8.7,18.2,4.3,0.6,3.4
Antawn Jamison,LAC,22,11.3,18.2,4.4,0.8,3.5
Tyshawn Taylor,BKN,22,12,17.9,4.1,0.8,3.3
Lorenzo Brown,PHI,26,8.7,17.9,4.8,0.7,3.8
Roger Mason Jr.,MIA,25,10.5,17.9,4.1,0.7,3.3
Chris Singleton,WAS,25,10,17.8,4.3,0.7,3.4
Jorge Gutierrez,BKN,15,16.2,17.5,4.3,1.2,3.5
Daniel Orton,PHI,22,11.4,17.2,4.1,0.8,3.3
Byron Mullens,PHI,18,13.8,17.1,4.1,0.9,3.3
Jeff Adrien,CHA,25,10.2,16.9,4,0.7,3.2
Jannero Pargo,CHA,29,8.4,16.9,4.2,0.6,3.3
Dewayne Dedmon,ORL,16,14.7,16.7,4.3,1,3.4
Chris Copeland,IND,41,6.5,16.7,3.7,0.4,3
Gigi Datome,DET,34,7.1,16.6,4.1,0.5,3.3
James Jones,MIA,20,11.9,16.6,4.2,0.8,3.3
Mike Muscala,ATL,20,10.8,16.2,4.5,0.8,3.6
MarShon Brooks,LAL,18,12.7,16.1,4.2,0.9,3.4
Marquis Teague,CHI,19,12.8,15.8,3.9,0.8,3.1
Carl Landry,SAC,18,13,15.7,4,0.9,3.2
Eric Maynor,WAS,23,9.4,15.6,4.3,0.7,3.5
Mike Harris,UTA,20,11.3,15.5,4.1,0.8,3.3
Nando De Colo,TOR,21,9.2,15.1,4.7,0.7,3.7
Solomon Hill,IND,28,8.1,15.1,4,0.5,3.2
Peyton Siva,DET,24,9.4,15.1,4,0.6,3.2
Darius Morris,PHI,12,16.2,15,4.6,1.3,3.7
Dionte Christmas,PHX,31,6.5,14.6,4.4,0.5,3.5
Greg Oden,MIA,23,9.3,14.4,4,0.6,3.2
Luc Mbah a Moute,SAC,9,22,14,4.3,1.6,3.4
Joel Anthony,TOTAL,33,5.7,13.9,4.4,0.4,3.5
Lou Amundson,TOTAL,19,9.8,13.7,4.4,0.7,3.5
Lou Amundson,NOP,18,10.3,13.6,4.4,0.8,3.5
Arnett Moultrie,PHI,12,15.7,13.5,4.3,1.1,3.4
Victor Claver,POR,21,8.8,13.3,4.3,0.6,3.5
Danny Granger,LAC,12,16.3,13.2,4,1.1,3.2
Marquis Teague,BKN,21,9.6,13,3.9,0.6,3.1
Manny Harris,LAL,9,20.1,12.9,4.3,1.4,3.4
Hasheem Thabeet,OKC,23,8.4,12.7,3.9,0.6,3.1
Ian Clark,UTA,23,7.5,12.7,4.4,0.6,3.5
Henry Sims,CLE,20,8.5,12.1,4.3,0.6,3.4
Charlie Villanueva,DET,20,9,12.1,4,0.6,3.2
Sergey Karasev,CLE,22,7.1,11.7,4.5,0.5,3.6
Jamaal Franklin,MEM,21,7.8,11.6,4.3,0.6,3.4
John Jenkins,ATL,13,12.2,11.6,4.4,0.9,3.5
Kobe Bryant,LAL,6,29.6,11.5,3.9,1.9,3.1
Earl Watson,POR,24,6.7,11.5,4.3,0.5,3.4
Byron Mullens,LAC,27,6.2,11.4,4.1,0.4,3.2
James Nunnally,TOTAL,12,13.2,11.3,4.3,0.9,3.4
Ronnie Brewer,TOTAL,24,6.7,11.2,4.2,0.5,3.3
Joel Anthony,BOS,21,7.1,11.1,4.4,0.5,3.5
Ronnie Brewer,HOU,23,6.9,11.1,4.2,0.5,3.3
Dewayne Dedmon,PHI,11,13.8,11,4.4,1,3.5
Derrick Williams,MIN,11,14.8,10.9,4,1,3.2
Jason Collins,BKN,22,7.8,10.7,3.7,0.5,3
Charles Hayes,SAC,15,10.6,10.7,4,0.7,3.2
Dwight Buycks,TOR,14,10.5,10.6,4.3,0.8,3.5
Shannon Brown,NYK,19,7.9,10.4,4.2,0.5,3.3
Tornike Shengelia,TOTAL,25,5.9,10.4,4.2,0.4,3.4
Austin Daye,TOTAL,22,6.8,10.3,4.2,0.5,3.3
Bernard James,DAL,30,4.9,10.3,4.2,0.3,3.4
Nemanja Nedovic,GSW,23,5.9,9.7,4.3,0.4,3.4
Chris Wright,MIL,8,15.8,9.6,4.6,1.2,3.7
Chris Babb,BOS,14,9.5,9.4,4.2,0.7,3.4
Casper Ware,PHI,9,13,9.1,4.7,1,3.7
Tornike Shengelia,BKN,16,8.2,9.1,4.2,0.6,3.3
Julyan Stone,TOR,21,5.7,8.6,4.3,0.4,3.4
Glen Rice,WAS,11,10,8.1,4.5,0.7,3.6
Eric Maynor,PHI,8,14.1,8,4.3,1,3.4
James Nunnally,PHI,9,12.4,8,4.3,0.9,3.4
Austin Daye,SAS,14,8.3,8,4.1,0.6,3.3
Shannon Brown,SAS,10,10.4,7.7,4.5,0.8,3.6
Lavoy Allen,IND,14,8,7.6,4,0.5,3.2
Jamaal Tinsley,UTA,8,14.3,7.5,3.9,0.9,3.2
A.J. Price,MIN,28,3.6,7.1,4.3,0.3,3.4
Allen Crabbe,POR,15,6.7,6.9,4.1,0.5,3.3
Greg Smith,HOU,11,9.2,6.8,4,0.6,3.2
Stephen Jackson,LAC,9,12,6.7,3.7,0.7,3
Hilton Armstrong,GSW,15,6.5,6.5,4,0.4,3.2
Shavlik Randolph,PHX,14,6.8,6.5,4.1,0.5,3.3
Ognjen Kuzmic,GSW,21,4.4,6.3,4.1,0.3,3.3
Solomon Jones,ORL,11,7.8,6.3,4.4,0.6,3.5
Jared Cunningham,TOTAL,13,6.2,5.8,4.3,0.4,3.5
Hamady Ndiaye,SAC,14,5.3,5.5,4.4,0.4,3.6
Troy Daniels,HOU,5,15.1,5.4,4.3,1.1,3.4
Mike James,CHI,11,7.1,5.4,4.1,0.5,3.3
MarShon Brooks,BOS,10,7.4,5.3,4.3,0.5,3.4
Tony Mitchell,DET,21,3.8,5.2,3.9,0.2,3.1
JaVale McGee,DEN,5,16,5.2,3.9,1,3.1
Justin Hamilton,TOTAL,8,9.1,5.1,4.2,0.6,3.4
Earl Clark,NYK,9,7.9,5,4.2,0.6,3.4
Darius Morris,MEM,5,13.2,5,4.5,1,3.6
D.J. Augustin,TOR,9,7.7,4.9,4.3,0.5,3.4
Justin Hamilton,MIA,7,9.9,4.9,4.2,0.7,3.4
Erik Murphy,CHI,24,2.6,4.5,4.4,0.2,3.5
Quincy Acy,TOR,7,8.8,4.5,4.3,0.6,3.5
Malcolm Thomas,TOTAL,8,7.9,4.4,4.1,0.5,3.3
Jared Cunningham,SAC,8,7.3,4.3,4.4,0.5,3.5
Viacheslav Kravtsov,PHX,20,3,4.2,4.2,0.2,3.3
Darius Morris,LAC,10,5.5,4.2,4.6,0.4,3.7
Beno Udrih,MEM,10,5.6,4.2,4.5,0.4,3.6
Jimmer Fredette,CHI,8,7,4.1,4.4,0.5,3.5
Damion James,SAS,5,10.1,3.9,4.6,0.8,3.7
Keith Bogans,BOS,6,9.4,3.6,3.8,0.6,3.1
Orlando Johnson,SAC,7,7.2,3.4,4,0.5,3.2
Cartier Martin,CHI,6,8,3.4,4.2,0.6,3.4
James Nunnally,ATL,3,15.5,3.3,4.3,1.1,3.4
Othyus Jeffers,TOTAL,6,7.9,3.3,4.2,0.5,3.3
Malcolm Thomas,UTA,7,6.9,3.3,4,0.5,3.2
Lance Thomas,NOP,5,8.5,3.1,4.4,0.6,3.5
Andris Biedrins,UTA,6,7.5,3.1,4.1,0.5,3.3
Carrick Felix,CLE,7,5.5,3,4.6,0.4,3.7
Adonis Thomas,TOTAL,6,6.3,2.9,4.5,0.5,3.6
Joel Anthony,MIA,12,3.1,2.8,4.5,0.2,3.6
Robert Covington,HOU,7,4.9,2.4,4.2,0.3,3.4
Ricky Ledo,DAL,11,3,2.4,4.3,0.2,3.4
Austin Daye,TOR,8,4.1,2.4,4.3,0.3,3.4
Ryan Gomes,OKC,5,6.9,2.3,4.1,0.5,3.2
Othyus Jeffers,SAS,4,8.5,2.3,4.1,0.6,3.3
James Southerland,TOTAL,4,7.6,2.3,4.6,0.6,3.7
Andrew Bynum,IND,2,17.9,2.2,3.7,1.1,2.9
Arinze Onuaku,TOTAL,5,6.1,2.1,4.1,0.4,3.3
James Southerland,NOP,3,9.1,2.1,4.6,0.7,3.7
Adonis Thomas,ORL,4,6.1,1.8,4.4,0.5,3.5
Melvin Ely,NOP,2,13.7,1.8,3.9,0.9,3.1
Arinze Onuaku,NOP,3,8.5,1.7,4.1,0.6,3.3
Josh Childress,NOP,4,6,1.7,4.2,0.4,3.4
Jared Cunningham,ATL,5,4.4,1.5,4.1,0.3,3.3
Tornike Shengelia,CHI,9,1.9,1.3,4.4,0.1,3.5
Josh Powell,HOU,1,19.5,1.2,3.8,1.2,3
Darius Johnson-Odom,PHI,3,5.1,1.2,4.7,0.4,3.7
Reggie Williams,OKC,3,5.6,1.2,4.1,0.4,3.3
MarShon Brooks,GSW,7,2.2,1.1,4.2,0.2,3.4
Malcolm Thomas,SAS,1,14.8,1.1,4.4,1.1,3.5
D.J. Stephens,MIL,3,4.9,1.1,4.3,0.4,3.5
Adonis Thomas,PHI,2,6.7,1.1,4.7,0.5,3.8
Vander Blue,BOS,3,4.9,1,4.1,0.3,3.3
Seth Curry,TOTAL,2,6.5,1,4.6,0.5,3.7
Aaron Gray,TOR,3,4.6,1,4.2,0.3,3.3
Othyus Jeffers,MIN,2,6.6,1,4.4,0.5,3.5
Shane Edwards,CLE,2,5.9,0.9,4.4,0.4,3.5
Elias Harris,LAL,2,5.7,0.8,4.3,0.4,3.4
Sasha Vujacic,LAC,2,5.3,0.8,4.6,0.4,3.7
Mustafa Shakur,OKC,3,3.9,0.8,4.1,0.3,3.3
DJ White,CHA,2,5.2,0.8,4.5,0.4,3.6
Maalik Wayns,LAC,2,4.7,0.7,4.6,0.4,3.7
Tony Mitchell,MIL,3,3.3,0.7,4.2,0.2,3.4
Seth Curry,CLE,1,8.9,0.7,4.6,0.7,3.7
Royce White,SAC,3,3,0.6,4.2,0.2,3.4
Scotty Hopson,CLE,2,3.4,0.5,4.7,0.3,3.7
Dewayne Dedmon,GSW,4,1.4,0.4,4.3,0.1,3.4
Arinze Onuaku,CLE,2,2.4,0.4,4.5,0.2,3.6
Seth Curry,MEM,1,4.1,0.3,4.5,0.3,3.6
Royal Ivey,OKC,2,2.4,0.3,3.4,0.1,2.8
Justin Hamilton,CHA,1,3.8,0.3,3.9,0.3,3.2
James Southerland,CHA,1,2.8,0.2,4.7,0.2,3.8
Dexter Pittman,ATL,2,1.5,0.2,3.6,0.1,2.9
Ronnie Brewer,CHI,1,2.1,0.1,4,0.1,3.2
Chris Smith,NYK,2,1,0.1,4.2,0.1,3.4
Jarvis Varnado,CHI,1,2.1,0.1,3.5,0.1,2.8
Lou Amundson,CHI,1,1.1,0.1,4.5,0.1,3.6
DeAndre Liggins,MIA,1,1.4,0.1,3.4,0.1,2.7
